symbol,max_return_factor,start_price,end_price,return_start_date,return_end_date,return_period_days
AQB,3679.17,0.14,529.8,2017-01-09,2017-01-11,2
GPOR,1491.42,0.13,198.21,2020-11-23,2025-05-13,1631
DCTH,1190.5,0.02,23.81,2017-06-02,2021-02-10,1349
LCFYW,1069.25,0.2,213.85,2022-12-08,2025-02-06,791
LINE,886.18,0.1,86.58,2016-05-17,2024-08-08,3005
SDSTW,777.78,0.0,0.7,2023-10-03,2024-09-20,353
NRXPW,678.26,0.02,15.6,2020-04-07,2021-02-08,307
OXBRW,586.67,0.0,0.88,2018-12-31,2025-02-20,2243
CORZW,536.0,0.02,12.06,2022-12-30,2024-11-22,693
SN,510.44,0.22,114.44,2019-01-03,2025-02-13,2233
ENPH,480.69,0.7,336.0,2017-05-18,2022-12-02,2024
CBL,472.9,0.07,31.59,2020-11-02,2025-02-14,1565
NVNIW,399.71,0.0,0.28,2022-11-30,2025-02-03,796
ERNA,379.23,4.14,1570.0,2016-06-16,2021-05-03,1782
CORZ,357.45,0.05,18.23,2022-12-21,2024-11-22,702
DXF,345.14,0.09,30.51,2024-09-16,2025-02-04,141
FUFUW,257.92,0.0,0.62,2022-12-02,2024-03-04,458
VAL,249.94,0.32,79.98,2020-06-01,2024-07-15,1505
PDYNW,246.25,0.0,0.98,2023-12-28,2024-12-27,365
NAMSW,245.86,0.06,14.85,2022-06-09,2024-12-18,923
LGCY,245.06,0.04,9.68,2019-06-27,2025-02-13,2058
NVDA,242.8,0.62,149.42,2016-02-08,2025-01-06,3255
AISPW,239.6,0.01,2.42,2022-10-26,2025-02-14,842
SOUNW,225.6,0.08,16.92,2022-12-19,2024-12-19,731
AMR,221.66,2.0,442.21,2020-03-24,2024-02-26,1434
SRL,218.33,0.06,12.27,2017-04-03,2021-07-21,1570
BBLGW,209.67,0.45,95.0,2023-06-09,2025-02-10,612
PTIXW,209.54,0.0,0.27,2025-04-22,2025-05-21,29
CIVI,209.41,0.35,73.25,2017-04-28,2023-09-14,2330
DBD,199.56,0.25,49.89,2023-05-26,2024-11-06,530
TLSIW,196.4,0.01,2.18,2022-10-05,2024-05-28,601
MARA,192.0,0.4,76.09,2020-03-18,2021-11-09,601
SD,189.02,0.11,20.83,2016-01-06,2022-06-07,2343
EGO,180.53,0.11,20.4,2018-11-29,2025-05-06,2349
FCEL,180.39,4.65,838.8,2019-06-25,2021-02-09,595
SAVA,176.86,0.76,135.3,2018-12-24,2021-07-28,946
SHOTW,176.4,0.02,2.84,2023-06-29,2023-12-04,158
RGTIW,176.35,0.05,8.8,2023-05-12,2025-01-02,601
REE,174.52,1.86,324.6,2016-02-08,2021-08-09,2008
BIOA,161.54,0.16,25.83,2018-02-08,2024-10-21,2446
OCSAW,161.3,0.07,11.29,2022-07-18,2025-01-31,928
APPS,160.41,0.59,94.74,2016-12-08,2021-03-01,1544
MVIS,158.99,0.17,26.44,2020-03-16,2021-04-26,406
ASTI,151.59,1200.0,181904.0,2022-01-31,2022-08-24,204
VEEAW,151.52,0.0,0.5,2023-06-15,2024-03-27,286
LOTWW,150.53,0.01,1.43,2022-12-12,2024-05-29,533
RGC,146.72,3.2,470.02,2024-07-16,2025-05-12,300
GRVY,145.98,1.5,218.97,2016-02-11,2020-12-21,1775
KDLYW,140.85,0.1,14.08,2024-11-19,2025-05-21,182
MI,140.1,19.2,2690.0,2019-08-12,2021-03-23,589
VSSYW,133.33,0.0,0.28,2022-12-20,2024-06-07,534
CNCKW,132.69,0.03,3.45,2023-12-14,2024-12-05,357
GME,124.11,0.7,86.88,2020-04-03,2021-01-27,299
BULLW,121.75,0.04,4.87,2023-10-23,2025-05-08,563
CDNA,121.67,0.79,95.6,2017-04-27,2021-01-20,1364
TVGNW,120.0,0.0,0.12,2022-12-12,2023-03-29,106
RIOT,119.85,0.65,77.9,2020-03-18,2021-02-17,336
AMD,117.43,1.8,211.38,2016-01-20,2024-03-07,2969
LEU,114.14,1.04,118.71,2016-01-15,2025-02-12,3316
ELA,109.41,0.08,8.37,2016-01-25,2022-08-10,2388
DRS,109.18,0.38,42.0,2016-01-28,2025-05-02,3381
AIRJW,109.04,0.02,1.81,2023-06-27,2024-05-28,336
AENTW,108.32,0.01,0.65,2023-12-12,2024-12-30,384
MRNOW,104.77,0.0,0.37,2023-01-12,2025-03-21,798
GRRRW,104.76,0.02,2.2,2023-11-27,2025-03-05,464
AMPGW,103.6,0.01,1.2,2024-11-21,2024-12-27,36
HKD,103.58,16.21,1679.0,2022-07-15,2022-08-02,18
VKTX,101.61,0.93,94.5,2017-08-02,2024-02-28,2401
WKHS,96.14,107.5,10335.0,2018-12-18,2021-02-04,779
DJTWW,94.8,0.43,40.5,2021-10-11,2024-10-29,1114
ALF,94.42,0.11,10.49,2022-10-24,2025-05-15,934
WGS,94.33,1.24,116.97,2023-11-13,2025-04-29,532
NVVEW,94.25,0.04,3.77,2020-05-04,2020-11-25,205
CELH,92.41,1.04,96.11,2018-12-21,2024-03-13,1908
NOTV,91.8,0.63,57.88,2016-11-23,2021-11-19,1822
USARW,91.04,0.04,3.3,2023-12-18,2025-04-16,484
DAVEW,90.0,0.01,0.9,2023-11-06,2025-05-21,561
BTBT,88.7,0.33,29.27,2020-03-25,2021-01-04,285
NXLIW,88.67,0.01,0.66,2024-01-16,2024-11-19,308
SHOP,87.46,1.93,169.06,2016-02-12,2021-11-19,2107
MDAIW,87.24,0.01,0.86,2022-10-31,2024-12-30,791
NVAX,86.7,3.69,319.93,2019-11-20,2021-02-08,446
PLUG,86.09,0.85,73.18,2017-02-09,2021-01-26,1447
SLNO,86.08,0.89,76.78,2022-12-15,2025-05-09,875
CAMT,85.03,1.61,137.24,2016-01-20,2024-07-08,3091
VXRT,84.44,0.28,23.33,2019-11-22,2021-02-02,438
TDACW,83.79,0.04,3.74,2020-04-28,2021-02-19,297
LTRYW,83.79,0.04,3.74,2020-04-28,2021-02-19,297
MPU,82.44,0.16,13.19,2020-04-06,2021-09-29,541
INOD,82.26,0.78,64.17,2020-04-01,2025-02-26,1792
CVNA,82.13,3.72,305.52,2022-12-27,2025-05-14,868
ARQQW,80.92,0.05,4.14,2024-01-11,2024-12-27,351
OCGN,80.58,0.2,15.81,2020-07-14,2021-02-08,209
MTEKW,79.21,0.02,1.6,2023-12-29,2025-01-06,374
FATE,78.7,1.49,117.4,2016-05-19,2021-01-14,1701
SDAWW,78.59,0.01,0.79,2022-11-01,2023-08-08,280
CYRX,78.13,1.07,83.29,2016-02-09,2021-11-04,2094
KOSS,78.05,0.82,64.0,2020-04-03,2021-01-29,301
SMCI,75.92,1.56,118.81,2018-08-22,2024-03-13,2030
PR,75.86,0.23,17.25,2020-04-01,2024-04-09,1469
ATNFW,74.9,0.04,2.68,2020-05-21,2021-04-12,326
OBE,74.53,0.16,11.85,2020-03-27,2022-06-08,803
WORX,74.47,2.42,180.3,2018-08-06,2020-04-13,616
SEZL,74.45,1.36,101.1,2023-10-27,2025-05-21,572
ILLRW,73.35,0.01,0.44,2023-12-27,2024-06-11,166
ARWR,72.96,1.24,90.47,2016-12-16,2021-02-05,1512
AR,72.2,0.67,48.31,2020-04-01,2022-06-07,797
AMTX,70.67,0.37,26.19,2020-03-18,2021-04-08,386
CLNNW,69.89,0.04,2.45,2020-05-12,2021-07-13,427
UAVS,69.21,227.0,15710.0,2019-08-19,2021-02-10,541
AXSM,68.88,2.0,137.75,2018-12-27,2025-02-21,2248
TNDM,68.4,2.24,153.21,2017-11-03,2021-12-28,1516
BGFV,68.05,0.5,34.22,2020-04-03,2021-11-11,587
ADNWW,68.0,0.06,4.08,2020-03-23,2021-01-14,297
CRC,68.0,0.86,58.64,2020-04-01,2024-11-22,1696
LNTH,67.55,1.83,123.62,2016-02-08,2024-07-11,3075
RZLVW,66.67,0.02,1.0,2023-01-04,2024-12-30,726
KOPN,64.57,0.21,13.56,2020-03-16,2021-02-16,337
MAPSW,64.14,0.22,14.11,2020-05-20,2021-02-17,273
CIFRW,63.53,0.04,2.7,2022-12-21,2024-11-11,691
DFDV,63.0,0.49,31.04,2024-09-04,2025-05-21,259
SES,62.9,0.31,19.5,2019-06-14,2019-10-14,122
MTDR,61.64,1.14,70.39,2020-03-18,2022-11-07,964
TTD,61.19,2.28,139.51,2016-11-08,2024-12-04,2948
FLGT,61.08,3.01,183.85,2017-11-21,2021-02-09,1176
QUBT,61.07,0.42,25.68,2024-07-01,2024-12-18,170
HUDI,60.81,2.96,180.0,2021-08-18,2022-11-04,443
LIDRW,60.64,0.0,0.2,2023-12-27,2025-01-06,376
EDBLW,60.44,0.0,0.3,2024-09-19,2025-05-21,244
BNGO,59.95,155.82,9342.0,2020-04-02,2021-02-16,320
IBIO,58.81,54.5,3205.0,2019-11-27,2020-07-20,235
ABTS,58.54,7.5,439.05,2020-03-09,2021-07-13,491
PMTS,58.45,0.77,45.01,2019-12-24,2023-03-31,1192
TRGP,58.21,3.7,215.14,2020-03-18,2025-01-21,1770
DRUG,58.09,0.96,55.77,2024-07-11,2024-11-06,118
JYNT,56.18,1.91,107.3,2016-07-06,2021-09-03,1885
WGSWW,55.77,0.01,0.29,2023-12-14,2025-03-12,453
BNZI,55.29,10.3,569.5,2018-07-11,2023-12-08,1976
APP,54.85,9.3,510.13,2022-12-27,2025-02-14,780
RVPHW,54.53,0.05,2.77,2020-03-26,2023-05-04,1134
MDGL,54.37,6.54,355.88,2016-02-11,2025-02-26,3303
BBW,54.32,0.88,47.67,2020-04-03,2024-12-26,1728
SLRX,53.74,54.0,2902.0,2018-12-24,2019-07-23,210
ATLC,53.58,1.63,87.34,2018-05-25,2021-11-03,1258
TPL,53.57,32.22,1726.12,2016-01-19,2024-11-22,3230
SM,53.47,0.97,51.61,2020-04-01,2022-06-07,797
RGTI,53.32,0.38,20.0,2023-05-03,2025-01-02,610
AEHR,53.16,1.01,53.69,2016-05-24,2023-08-01,2625
KIRK,52.63,0.63,33.06,2020-03-17,2021-04-29,408
IZEA,52.43,0.53,28.04,2020-03-18,2021-01-25,313
TC,51.68,9.09,469.8,2016-01-14,2018-11-20,1041
VRMEW,51.55,0.01,0.5,2024-12-20,2025-01-13,24
ZJYL,51.43,0.27,13.81,2023-05-22,2024-01-25,248
MSTR,51.39,9.22,473.83,2020-03-18,2024-11-20,1708
ROOT,51.36,3.46,177.69,2023-03-13,2025-03-24,742
AXON,51.22,14.5,742.75,2016-01-19,2025-05-20,3408
MOBXW,50.86,0.01,0.28,2023-12-15,2024-04-22,128
CLS,50.77,2.83,143.67,2020-03-18,2025-02-05,1785
LMB,50.75,2.53,128.4,2020-03-23,2025-05-20,1884
TSLA,50.1,9.58,479.86,2016-02-10,2024-12-17,3233
DQ,50.05,2.48,124.13,2016-01-19,2021-02-09,1848
HPKEW,49.83,0.52,25.91,2020-10-22,2022-04-22,547
NTZ,49.78,0.46,22.75,2020-03-23,2021-06-01,435
CLSKW,49.02,0.03,1.25,2024-11-05,2024-12-04,29
HUBCZ,48.75,0.0,0.04,2024-10-09,2025-02-05,119
ANVS,48.39,2.5,120.97,2020-04-02,2021-07-13,467
HDSN,48.26,0.31,14.96,2019-08-23,2024-02-26,1648
REKR,48.06,0.52,25.23,2018-12-20,2021-04-27,858
MOD,48.06,2.98,143.22,2020-04-03,2024-11-22,1694
ACIC,47.7,0.29,13.77,2022-11-25,2024-12-04,740
NIO,47.61,1.32,62.84,2019-10-01,2021-02-09,497
STRL,47.53,4.22,200.56,2016-05-06,2025-01-22,3183
ALTO,47.42,0.23,10.83,2020-03-17,2020-10-19,216
ETSY,46.68,6.36,296.91,2016-02-09,2021-11-24,2115
CPRX,46.37,0.56,25.74,2016-05-17,2025-03-24,3233
BLNK,46.35,1.31,60.72,2020-03-18,2021-01-26,314
BGI,46.31,0.21,9.92,2016-03-01,2023-05-15,2630
BYON,46.16,2.65,122.32,2020-03-16,2020-08-20,157
BURU,46.09,0.09,4.3,2024-06-13,2024-08-02,50
NUKKW,45.96,0.01,0.34,2024-12-02,2024-12-19,17
CAR,45.91,7.4,339.54,2020-03-18,2021-11-02,594
ELP,45.13,0.22,9.91,2016-01-21,2023-12-27,2897
ABLLW,44.9,0.04,1.85,2022-12-06,2025-05-13,888
FFAI,44.89,1.6,72.0,2024-05-02,2024-05-20,18
ICUCW,44.86,0.01,0.35,2023-09-22,2024-02-20,151
QSIAW,44.79,0.05,2.15,2024-11-12,2025-01-03,52
BW,44.62,0.23,10.08,2019-04-04,2021-11-17,958
FTEL,44.19,0.88,38.89,2024-01-12,2024-06-26,165
HOV,44.13,5.4,238.3,2019-08-12,2024-08-22,1837
HOLO,43.95,1208.0,53088.0,2024-02-06,2024-02-16,10
CXAIW,43.86,0.01,0.57,2022-11-04,2023-06-20,228
GFAIW,43.74,0.02,0.77,2022-12-20,2025-01-07,749
CODX,43.26,0.71,30.8,2019-06-24,2020-08-03,406
DAVE,43.13,4.54,196.04,2023-05-19,2025-05-20,732
NINE,43.03,0.38,16.35,2020-03-18,2023-01-13,1031
TPST,42.48,2.99,127.01,2023-10-09,2023-10-11,2
IBRX,42.29,1.0,42.25,2019-06-10,2021-02-22,623
BNAIW,42.09,0.01,0.24,2022-11-23,2024-03-18,480
LPA,41.75,6.2,258.85,2024-03-22,2024-05-30,69
BLFS,41.72,1.45,60.5,2016-11-08,2021-09-01,1757
GBR,41.65,0.6,25.0,2020-03-18,2021-01-28,316
DXLG,41.63,0.21,8.85,2020-12-21,2021-11-17,331
MGNI,41.48,1.49,61.8,2018-03-01,2021-02-11,1078
PFH,41.22,0.53,21.7,2020-05-18,2021-12-22,583
NUTX,40.83,4.34,177.21,2024-07-09,2025-05-20,315
KULR,40.75,0.12,4.8,2024-02-08,2024-12-26,322
TGLS,40.57,2.16,87.5,2020-03-23,2025-05-13,1877
GYRE,40.56,0.73,29.68,2022-05-13,2023-12-22,588
HROW,40.48,1.42,57.48,2017-11-02,2024-10-18,2542
CABA,40.34,0.63,25.38,2022-09-23,2024-02-08,503
NISN,40.33,5.95,239.9,2018-12-21,2021-01-06,747
QBTS,40.15,0.41,16.56,2023-05-12,2025-05-20,739
NCTY,39.85,20.8,828.9,2020-10-29,2021-02-19,113
INDO,39.68,1.55,61.5,2020-03-18,2022-03-07,719
ASPN,39.54,1.61,63.66,2018-12-26,2021-11-18,1058
DAC,39.52,2.37,93.63,2020-03-20,2022-03-17,727
MRNA,39.52,12.26,484.47,2019-08-05,2021-08-09,735
ACRS,39.46,0.75,29.6,2020-03-18,2021-04-07,385
FTAI,39.43,4.41,174.02,2020-03-18,2024-11-21,1709
TOON,39.43,2.01,79.3,2019-12-20,2020-06-03,165
BIAFW,39.22,0.05,2.0,2023-10-09,2024-10-04,361
ANET,39.19,3.31,129.82,2016-02-09,2025-01-22,3270
BTU,39.15,0.8,31.5,2020-11-10,2022-04-14,519
CNR,38.93,3.42,133.14,2020-03-31,2024-11-25,1700
SOL,38.91,0.86,33.55,2019-08-15,2021-01-22,526
PYPD,38.54,0.2,7.74,2023-09-19,2024-01-05,108
ATGL,38.52,1.22,47.0,2024-09-13,2025-02-20,160
CLSK,38.47,1.05,40.39,2020-04-02,2021-01-07,280
VCEL,37.99,1.78,67.81,2016-02-11,2021-06-28,1963
BFRIW,37.96,0.0,0.19,2023-12-19,2024-10-31,316
NVCR,37.91,5.95,225.58,2016-11-01,2021-06-23,1695
RVP,37.72,0.57,21.5,2017-08-24,2021-02-01,1257
NUKK,37.48,1.39,52.1,2024-12-13,2024-12-19,6
CLDX,36.3,1.55,56.27,2020-03-20,2021-10-04,563
MNPR,35.86,1.45,51.89,2023-11-20,2025-02-10,448
KNW,35.75,0.09,3.06,2025-01-29,2025-03-05,35
SE,35.49,10.34,366.99,2018-05-09,2021-10-19,1259
ESEA,35.47,1.37,48.63,2020-03-18,2024-10-02,1659
CBAT,35.31,0.32,11.3,2018-12-26,2020-11-16,691
BXC,35.2,3.74,131.66,2020-04-03,2024-11-25,1697
IVDAW,35.14,0.02,0.7,2022-12-09,2023-01-20,42
BNTX,35.07,12.63,442.9,2019-10-14,2021-08-09,665
LTM,34.96,1.06,36.88,2020-05-28,2025-05-20,1818
CORT,34.82,3.28,114.22,2016-01-28,2025-03-31,3349
NEUP,34.68,0.19,6.63,2024-11-04,2024-12-24,50
VRNA,34.6,2.16,74.73,2020-03-18,2025-05-20,1889
RDZNW,34.53,0.01,0.2,2022-11-01,2024-12-23,783
ANNAW,34.46,0.01,0.51,2024-02-22,2025-04-16,418
UONE,34.25,1.06,36.3,2020-04-08,2020-06-19,72
GREEL,34.17,0.28,9.73,2022-12-22,2024-06-11,536
BLDP,34.16,1.2,40.99,2016-01-20,2021-02-08,1846
BSLKW,34.02,0.01,0.23,2022-12-29,2024-03-25,451
ARGX,33.99,19.77,671.74,2017-06-26,2025-02-05,2781
FIVN,33.82,6.2,209.7,2016-02-12,2021-08-04,1999
XYZ,33.67,8.37,281.81,2016-02-08,2021-08-05,2004
UUU,33.59,0.33,11.1,2020-03-24,2021-02-10,323
LXU,33.42,0.8,26.74,2020-07-14,2022-04-19,644
CRDF,33.4,0.74,24.71,2020-03-18,2020-11-30,257
CVM,33.31,24.89,829.2,2018-08-07,2021-02-01,909
VUZI,33.23,0.92,30.57,2020-03-16,2021-04-08,388
CHGG,32.71,3.47,113.51,2016-02-23,2021-02-12,1816
TOIIW,32.65,0.01,0.17,2024-12-31,2025-04-24,113
UAN,32.54,3.12,101.41,2020-03-18,2022-04-19,762
NRP,32.19,3.38,108.83,2016-01-20,2025-03-19,3345
ADSEW,32.14,0.14,4.5,2023-05-10,2025-01-28,629
CCLD,32.13,0.39,12.53,2017-04-13,2020-08-10,1215
UHGWW,32.12,0.04,1.28,2022-11-10,2024-04-26,532
VERI,32.12,1.52,48.83,2020-03-16,2021-02-09,330
PHUN,32.09,480.5,15420.0,2018-12-04,2019-02-01,59
BLDR,32.04,6.59,211.12,2016-02-11,2024-03-21,2960
GNPX,31.89,9.62,306.8,2019-12-24,2021-02-08,412
STAA,31.77,5.12,162.68,2016-05-16,2021-09-07,1940
HNRG,31.7,0.62,19.5,2020-09-23,2025-05-21,1701
DECK,31.67,7.04,223.11,2016-01-19,2025-01-30,3299
AMC,31.58,12.55,396.33,2021-01-05,2021-06-02,147
BOOT,31.56,5.53,174.52,2016-02-02,2025-01-30,3285
FRPT,31.54,5.86,184.82,2016-02-02,2021-04-30,1913
SKY,31.53,3.46,108.92,2016-01-04,2024-12-11,3264
EXAS,31.38,4.94,155.01,2016-03-01,2021-02-12,1809
SAIA,31.36,19.32,605.92,2016-01-19,2024-03-06,2969
VIST,31.32,1.9,59.5,2020-04-01,2025-01-15,1750
NVMI,31.1,8.8,273.65,2016-01-21,2025-02-20,3318
MVSTW,31.02,0.02,0.51,2024-07-03,2024-12-31,181
TDOC,31.0,9.5,294.54,2016-03-28,2021-02-08,1778
HUBS,30.96,27.52,852.08,2016-02-09,2021-11-16,2107
KNSL,30.88,17.72,547.22,2016-08-03,2024-03-06,2772
RNG,30.83,14.38,443.29,2016-03-28,2021-02-12,1782
PDEX,30.8,2.24,69.0,2016-01-20,2025-04-28,3385
IZM,30.55,1.67,51.02,2023-04-04,2024-04-16,378
MELI,30.54,85.27,2604.3,2016-02-09,2025-05-21,3388
TOP,30.48,3.55,108.21,2023-02-21,2023-04-28,65
GEVO,30.43,0.48,14.61,2020-07-01,2021-02-12,226
CROX,30.4,5.94,180.57,2017-05-05,2021-11-12,1652
PALI,30.36,1260.0,38250.0,2019-06-27,2019-07-18,21
DATSW,30.28,0.03,0.76,2023-11-14,2025-01-07,420
OVV,30.28,1.9,57.38,2020-03-09,2022-06-07,820
AYRO,30.24,3.04,91.92,2020-03-16,2021-02-10,331
PENN,30.19,4.52,136.47,2020-03-18,2021-03-15,362
KINS,30.1,0.72,21.67,2022-11-16,2025-05-09,904
SEDG,30.07,12.25,368.33,2016-12-29,2021-11-15,1782
ALAR,30.04,1.53,45.96,2023-03-15,2024-07-03,476
ARCT,30.03,4.11,123.42,2018-12-28,2020-12-07,710
ELF,29.86,7.3,218.0,2019-02-27,2024-06-27,1946
VVPR,29.77,6.0,178.6,2020-03-18,2021-01-25,313
TTI,29.71,0.22,6.54,2020-04-16,2023-10-17,1279
ATER,29.6,19.32,571.92,2020-04-01,2021-02-17,322
ACMR,29.48,1.58,46.66,2018-01-22,2021-02-16,1121
RH,29.45,25.08,738.52,2017-02-07,2021-08-12,1646
FICO,29.43,80.94,2382.4,2016-01-21,2024-11-26,3232
AAOI,29.35,1.5,44.03,2022-07-11,2024-12-04,877
KWE,29.34,0.22,6.37,2025-04-23,2025-05-05,12
CPSH,29.23,0.92,26.89,2020-04-03,2021-02-16,319
PLUR,29.18,3.41,99.44,2019-07-24,2020-04-24,275
VERU,29.0,0.82,23.78,2016-11-01,2022-08-17,2115
PDYN,28.89,0.46,13.31,2024-02-06,2024-12-30,328
CRBP,28.76,2.14,61.55,2023-03-10,2024-08-21,529
SPWRW,28.7,0.01,0.33,2023-12-08,2024-09-23,289
RCMT,28.49,1.12,31.91,2020-03-17,2024-01-08,1392
DDS,28.23,18.01,508.42,2020-04-22,2025-02-19,1764
OTRK,28.19,303.3,8550.0,2017-12-26,2021-01-26,1127
QMCO,28.16,2.51,70.67,2024-09-06,2024-12-27,112
JMIA,28.12,2.33,65.51,2020-03-20,2021-02-10,327
WING,28.11,15.2,427.32,2016-02-09,2024-06-18,3051
MSB,28.06,1.13,31.82,2016-01-19,2025-02-20,3320
ZDAI,27.96,3.84,107.36,2024-07-24,2024-11-26,125
SMXWW,27.88,0.0,0.07,2024-02-01,2025-01-07,341
MRIN,27.75,5.22,144.84,2020-03-16,2021-07-06,477
IESC,27.74,11.4,316.26,2016-06-24,2025-01-22,3134
CMT,27.71,1.07,29.65,2020-04-08,2023-10-02,1272
CLF,27.7,1.19,33.07,2016-01-12,2022-03-28,2266
VRT,27.65,5.55,153.42,2020-03-18,2025-01-23,1772
LNW,27.55,4.09,112.68,2020-03-18,2024-09-18,1645
CMPOW,27.44,0.21,5.83,2024-03-04,2025-02-18,351
AVGO,27.41,9.07,248.6,2016-02-11,2024-12-16,3231
ASPI,27.41,0.32,8.77,2023-05-17,2024-11-08,541
LASE,27.4,0.69,18.8,2023-11-21,2024-09-23,306
POLA,27.28,7.02,191.66,2020-03-20,2021-01-25,311
DRCT,27.09,1.2,32.51,2022-03-08,2024-03-15,737
SCLXW,27.02,0.13,3.51,2022-11-18,2023-04-12,144
KOD,26.92,6.11,164.47,2018-12-21,2021-01-19,760
BTAI,26.82,38.56,1034.08,2018-12-26,2020-07-22,573
NTRA,26.78,6.61,177.0,2016-02-08,2025-02-05,3285
TROO,26.67,0.75,20.0,2020-03-13,2021-07-12,486
ARES,26.67,7.38,196.72,2016-01-15,2025-01-31,3304
PBMWW,26.65,0.01,0.16,2022-12-12,2024-03-14,457
LAES,26.55,0.34,9.08,2024-11-11,2024-12-27,46
LPLA,26.49,14.55,385.37,2016-02-12,2025-05-19,3383
TDW,26.35,4.13,108.83,2020-05-15,2024-05-07,1453
PDSB,26.31,0.65,17.08,2020-04-02,2021-09-23,539
NEGG,26.3,51.39,1351.4,2020-03-16,2021-07-07,478
CRIS,26.24,12.4,325.4,2018-12-11,2021-05-12,882
QXO,26.09,9.03,235.61,2020-04-03,2024-06-10,1529
KRYS,26.09,8.19,213.66,2017-12-19,2024-07-26,2410
TLRY,25.87,2.47,63.91,2020-03-18,2021-02-10,329
ROKU,25.82,18.57,479.5,2017-10-26,2021-07-26,1369
COCHW,25.81,0.01,0.24,2023-12-15,2024-04-10,116
RCAT,25.8,0.55,14.19,2023-12-07,2025-01-06,396
SATLW,25.79,0.03,0.79,2024-08-15,2025-05-15,273
NNDM,25.76,0.65,16.72,2020-04-03,2021-02-09,312
GSM,25.75,0.36,9.39,2020-03-16,2021-09-02,535
POWL,25.62,13.72,351.53,2020-03-18,2024-11-11,1699
JILL,25.59,1.53,39.21,2020-04-03,2024-07-23,1572
TEAM,25.57,17.92,458.13,2016-02-08,2021-10-29,2089
ANY,25.26,2.6,65.8,2020-03-17,2021-09-02,534
KDLY,25.13,0.83,20.76,2024-11-13,2025-05-21,188
CLMT,25.09,0.94,23.58,2020-03-18,2025-01-03,1752
SOUN,25.09,0.97,24.23,2022-12-22,2024-12-26,735
TOI,25.04,0.13,3.31,2024-11-20,2025-04-25,155
COOTW,25.0,0.0,0.08,2022-11-17,2024-03-12,480
I,24.99,1.5,37.48,2016-03-01,2018-10-17,959
PACB,24.95,2.05,51.15,2018-03-29,2021-02-11,1050
ARBKL,24.94,0.36,8.89,2022-12-21,2024-10-01,649
GOVXW,24.89,0.02,0.58,2024-02-26,2024-08-27,182
NOW,24.83,47.14,1170.39,2016-02-08,2025-01-28,3277
EAT,24.82,7.62,189.14,2020-03-18,2025-02-03,1783
COOP,24.81,5.41,134.21,2020-04-03,2025-04-04,1827
AMRC,24.81,3.93,97.5,2016-05-04,2021-11-05,2011
ALTS,24.7,0.3,7.41,2023-11-07,2025-02-19,470
PCTTW,24.69,0.8,19.75,2020-08-03,2021-03-24,233
PAYC,24.59,22.17,545.23,2016-02-09,2021-11-02,2092
ZDGE,24.58,0.79,19.42,2020-03-12,2021-06-17,462
SWVL,24.56,0.7,17.19,2023-08-11,2024-04-05,238
ANF,24.55,7.84,192.34,2017-07-12,2024-06-12,2527
NEOVW,24.5,0.1,2.45,2024-03-13,2024-11-12,244
TT,24.46,17.61,430.81,2018-12-24,2025-05-19,2337
CINGW,24.31,0.01,0.18,2024-07-03,2024-08-16,44
RRC,24.09,1.71,41.19,2020-03-12,2025-01-16,1771
FTNT,24.04,4.77,114.57,2016-02-11,2025-02-19,3296
PRTS,24.03,0.91,21.87,2018-12-31,2021-02-09,771
SBLK,24.01,1.02,24.56,2016-01-11,2024-05-30,3061
FRSX,23.93,2.84,67.92,2020-03-16,2021-02-10,331
NEHCW,23.88,0.02,0.48,2022-11-03,2024-12-31,789
BPT,23.82,0.89,21.21,2020-10-29,2022-06-10,589
ASST,23.76,0.36,8.65,2024-12-20,2025-05-21,151
VSEEW,23.75,0.01,0.24,2023-11-27,2024-07-01,216
FIX,23.75,23.12,549.04,2016-02-08,2025-01-22,3271
KEN,23.72,1.65,39.05,2016-04-15,2022-03-23,2168
CELUW,23.67,0.01,0.12,2023-12-12,2025-03-07,451
IMTE,23.56,0.18,4.24,2023-10-03,2023-11-08,36
SB,23.56,0.26,6.06,2016-01-20,2024-06-05,3058
MNTSW,23.54,0.47,11.1,2020-09-14,2021-02-11,150
FLL,23.52,0.52,12.35,2020-03-18,2021-12-27,649
SWIN,23.5,2.0,47.0,2023-10-31,2024-03-06,127
NWTNW,23.5,0.04,0.94,2020-05-13,2021-01-07,239
MVST,23.47,0.16,3.77,2024-11-07,2025-05-20,193
EPIX,23.45,1.46,34.28,2019-08-15,2021-05-24,648
ENVA,23.44,4.97,116.49,2016-01-19,2025-02-06,3306
CAPR,23.39,0.94,21.99,2020-03-10,2024-10-29,1694
FTFT,23.38,21.75,508.5,2019-12-27,2021-02-17,418
APPF,23.32,11.58,270.02,2016-03-04,2024-07-23,3062
SPXC,23.31,7.79,181.56,2016-01-12,2024-11-25,3240
CWST,23.28,5.17,120.37,2016-02-05,2025-05-06,3377
UTI,23.28,1.52,35.39,2016-10-31,2025-05-20,3123
CENN,23.24,10.65,247.5,2020-10-26,2021-01-29,95
NIXXW,23.21,0.0,0.06,2023-10-30,2025-02-14,473
EXPI,23.17,3.3,76.37,2018-12-24,2021-02-09,778
AVXL,23.09,1.25,28.86,2018-12-27,2021-06-28,913
NHICW,23.08,0.01,0.3,2023-04-25,2025-04-17,723
TECK,23.08,2.35,54.13,2016-01-13,2024-05-20,3049
PRPH,23.06,0.64,14.7,2016-03-18,2022-07-11,2306
KXIN,23.03,370.8,8541.0,2020-09-08,2020-11-23,76
FUTU,22.9,8.15,186.63,2020-03-23,2021-02-16,330
XENE,22.75,2.2,50.04,2017-11-14,2024-02-09,2278
EVRI,22.75,1.14,25.94,2016-05-23,2021-10-01,1957
KRUS,22.72,5.28,119.98,2020-03-18,2024-03-27,1470
MDB,22.71,25.76,585.03,2017-12-08,2021-11-16,1439
VICR,22.66,7.19,162.93,2016-02-19,2021-11-17,2098
NSSC,22.66,2.53,57.33,2016-01-19,2024-08-19,3134
LODE,22.64,2.8,63.4,2019-11-29,2021-02-23,452
CURIW,22.6,0.5,11.3,2020-04-03,2021-02-19,322
LSCC,22.51,4.32,97.26,2016-02-11,2023-08-31,2757
HOLOW,22.5,0.02,0.45,2024-01-03,2024-02-16,44
GRWG,22.5,2.87,64.58,2020-03-18,2021-02-09,328
GNS,22.49,3.15,70.9,2023-01-03,2023-02-02,30
ADMA,22.49,1.09,24.51,2021-10-11,2025-04-28,1295
UEC,22.38,0.38,8.6,2020-03-12,2024-11-19,1713
ACLS,22.37,8.96,200.48,2016-02-10,2023-07-31,2727
UAMY,22.29,0.17,3.79,2016-02-03,2025-05-07,3380
WIX,22.28,15.85,353.09,2016-02-09,2021-02-19,1837
MTC,22.25,3.2,71.2,2023-09-27,2024-05-14,230
INSG,22.23,9.3,206.8,2016-01-28,2021-01-25,1824
SCKT,22.23,0.93,20.68,2020-03-16,2021-02-16,337
SBFMW,22.22,0.04,0.8,2024-03-13,2025-02-24,348
GIBOW,22.22,0.01,0.16,2024-12-18,2025-05-12,144
AGFY,22.22,2.82,62.71,2024-10-11,2024-11-26,46
TBCH,22.16,1.72,38.12,2018-02-09,2021-06-14,1220
NRG,22.15,7.28,161.24,2016-01-25,2025-05-19,3401
HIMS,22.1,3.11,68.74,2022-05-11,2025-02-19,1015
LOVE,22.07,4.14,91.39,2020-04-07,2021-06-11,430
LRN,21.96,7.32,160.72,2016-01-13,2025-05-05,3399
LEDS,21.89,1.18,25.83,2020-03-18,2021-06-08,447
ELMD,21.87,1.62,35.43,2016-01-29,2025-01-29,3288
CDROW,21.82,0.06,1.2,2023-11-27,2024-07-16,231
QDEL,21.77,13.87,301.96,2016-02-18,2020-08-05,1629
SOS,21.77,440.93,9600.0,2020-03-18,2021-02-17,336
ALT,21.74,1.53,33.26,2019-11-19,2020-07-20,243
TH,21.71,0.83,18.0,2020-10-28,2023-01-13,807
PLTR,21.7,6.0,130.18,2022-12-27,2025-05-14,868
WLGS,21.6,0.4,8.64,2023-11-16,2025-02-11,453
IIPR,21.6,10.13,218.82,2016-12-05,2021-11-15,1806
RYTM,21.58,3.12,67.33,2022-05-19,2024-11-08,904
PI,21.55,11.07,238.58,2018-02-16,2024-10-14,2431
RSLS,21.51,83737.5,1800900.0,2019-05-21,2021-01-20,610
SHYF,21.49,2.42,51.9,2016-01-20,2021-11-17,2128
APO,21.44,8.28,177.47,2016-02-11,2024-12-11,3226
KODK,21.42,1.55,33.2,2020-03-23,2020-07-29,128
WES,21.34,1.92,40.96,2020-04-02,2025-01-21,1755
ODVWZ,21.33,0.2,4.2,2024-01-05,2024-01-23,18
KITTW,21.3,0.01,0.23,2024-11-18,2025-01-06,49
XCUR,21.3,1.5,31.99,2024-07-09,2024-11-27,141
AQMS,21.26,6.79,144.4,2020-03-23,2021-01-26,309
AACG,21.25,0.67,14.3,2020-04-27,2021-02-04,283
OESX,21.22,0.55,11.67,2018-12-21,2021-02-09,781
VANI,21.21,2.19,46.44,2020-09-08,2021-03-09,182
PWR,21.09,16.97,357.89,2016-02-11,2025-01-24,3270
MLGO,21.09,1.15,24.25,2025-02-20,2025-03-31,38
JAGX,21.05,64125.0,1350000.0,2020-11-17,2021-01-08,52
NCPLW,21.04,0.02,0.32,2023-12-27,2024-01-08,12
AHG,20.97,0.9,18.87,2020-03-17,2021-10-20,582
EMO,20.94,2.4,50.2,2020-03-18,2025-04-02,1841
ABPWW,20.92,0.01,0.21,2022-10-28,2023-03-01,124
RUN,20.84,4.63,96.5,2016-11-02,2021-01-08,1528
BZFDW,20.8,0.02,0.52,2022-12-29,2023-01-27,29
GLSI,20.78,3.48,72.22,2020-11-13,2020-12-10,27
URI,20.75,42.14,874.32,2016-02-11,2024-11-06,3191
CADL,20.74,0.68,14.0,2023-11-03,2024-05-15,194
PRCH,20.72,0.52,10.88,2023-10-24,2025-05-08,562
CARM,20.71,4.76,98.5,2016-02-09,2016-08-16,188
SIEB,20.71,0.99,20.53,2016-01-19,2018-09-12,966
MNMD,20.7,0.58,12.01,2022-08-09,2022-08-29,20
SSL,20.7,1.21,25.03,2020-03-23,2022-06-08,807
PULM,20.7,2.56,53.0,2019-01-31,2021-02-10,741
RAIL,20.67,0.76,15.71,2020-03-18,2024-11-11,1699
CCRD,20.63,2.68,55.32,2016-01-20,2019-08-26,1313
MEDP,20.62,22.18,457.29,2017-05-03,2024-07-16,2631
BLD,20.58,23.28,479.09,2016-02-11,2024-07-30,3091
SNDL,20.56,1.44,29.5,2020-10-30,2021-02-10,103
AUROW,20.54,0.13,2.67,2022-12-30,2025-02-14,777
BDMDW,20.5,0.01,0.2,2022-12-12,2024-12-31,750
MOGO,20.48,1.68,34.41,2020-03-23,2021-03-19,361
PAR,20.39,4.35,88.71,2016-05-31,2021-02-22,1728
FLDDW,20.39,0.05,1.06,2024-10-10,2025-02-19,132
CAN,20.34,1.79,36.4,2020-07-13,2021-03-11,241
MTCH,20.25,8.57,173.44,2016-02-09,2021-10-21,2080
CRMD,20.2,0.87,17.58,2018-05-22,2021-02-19,1004
SITM,20.18,16.6,334.98,2019-12-02,2021-12-08,737
NOA,20.02,1.25,25.02,2016-02-11,2024-03-13,2952
OPTXW,20.0,0.01,0.2,2022-11-11,2024-04-23,528
KRNT,19.98,8.83,176.4,2016-06-27,2021-11-19,1971
PLSE,19.97,1.23,24.56,2022-08-30,2025-02-05,890
NVNI,19.96,0.43,8.58,2024-12-17,2024-12-20,3
DOGZ,19.9,2.86,56.9,2023-12-05,2024-10-24,323
LRCX,19.89,5.62,111.74,2016-02-11,2024-07-10,3071
HRI,19.87,11.96,237.59,2020-03-18,2024-11-06,1694
TRUP,19.87,7.82,155.41,2016-01-25,2021-12-07,2143
PLL,19.85,4.12,81.71,2020-03-23,2021-03-22,364
FAASW,19.8,0.01,0.2,2023-06-02,2024-09-27,483
AMPY,19.79,0.52,10.21,2020-03-18,2022-11-01,958
OMI,19.77,2.46,48.71,2019-07-22,2021-06-08,687
HRTG,19.71,1.32,26.02,2022-10-20,2025-05-09,932
NNAVW,19.66,0.36,7.0,2022-07-08,2024-12-02,878
PW,19.57,4.09,80.05,2016-01-20,2022-01-13,2185
EHTH,19.53,7.48,146.09,2016-10-28,2020-03-04,1223
PERI,19.51,2.14,41.85,2018-05-02,2023-04-17,1811
NBR,19.48,10.27,200.02,2020-04-22,2022-04-18,726
XWEL,19.46,7.31,142.2,2020-03-19,2020-06-05,78
EOSEW,19.45,0.07,1.41,2024-05-07,2025-02-04,273
BLIN,19.44,0.63,12.23,2020-03-18,2021-07-06,475
SIG,19.38,5.56,107.66,2020-03-23,2024-05-31,1530
AROC,19.37,1.54,29.89,2020-03-18,2025-01-21,1770
CARV,19.34,1.37,26.5,2020-03-18,2021-07-09,478
MXC,19.34,1.54,29.86,2016-01-12,2022-03-07,2246
RRR,19.33,3.1,59.96,2020-03-18,2024-04-03,1477
DTSTW,19.33,0.08,1.45,2023-05-02,2024-06-28,423
KNTK,19.29,3.34,64.5,2020-10-19,2025-01-21,1555
TWG,19.24,0.7,13.5,2024-07-25,2024-10-24,91
ICCT,19.23,0.3,5.71,2025-03-28,2025-04-04,7
ASTS,19.2,2.01,38.6,2024-04-02,2024-08-19,139
LAC,19.14,2.14,40.96,2020-03-20,2021-11-29,619
TWLO,19.14,23.17,443.49,2017-05-09,2021-02-18,1381
ARDX,19.09,0.51,9.74,2022-06-14,2024-02-09,605
TMQ,19.08,0.16,3.11,2016-01-20,2019-06-25,1251
NTRBW,19.05,0.21,4.03,2024-03-13,2025-01-23,316
MRSN,19.03,1.45,27.59,2019-10-07,2020-12-23,443
AUPH,19.01,1.74,33.08,2016-01-19,2021-10-29,2109
AMRN,18.99,25.4,482.4,2016-02-11,2019-12-13,1401
APLT,18.96,0.54,10.24,2022-10-12,2024-11-11,761
BNZIW,18.87,0.01,0.19,2022-11-14,2023-09-08,297
ONTO,18.85,12.63,238.04,2016-02-18,2024-07-16,3070
BEEM,18.82,3.92,73.78,2019-12-26,2020-12-31,371
CTM,18.82,0.14,2.58,2024-08-07,2024-12-30,145
SBCWW,18.78,0.02,0.34,2024-01-26,2024-11-29,308
LPG,18.78,2.44,45.75,2016-09-01,2024-05-30,2828
NTLA,18.73,9.44,176.78,2020-03-16,2021-09-03,536
GRRR,18.71,2.24,41.91,2024-08-06,2025-03-05,211
AEYE,18.66,2.34,43.67,2020-03-20,2021-02-11,328
LDTCW,18.62,0.01,0.19,2022-11-25,2024-12-26,762
CC,18.6,2.29,42.59,2016-01-27,2017-10-27,638
ATOM,18.58,2.5,46.45,2018-12-27,2021-02-08,774
UMAC,18.57,1.04,19.31,2024-05-13,2024-12-30,231
TMCWW,18.57,0.05,0.96,2022-12-19,2025-05-21,883
GNRC,18.55,27.26,505.8,2016-01-25,2021-11-01,2106
STKS,18.54,0.87,16.13,2020-03-23,2021-11-12,599
TTGT,18.45,5.99,110.5,2016-02-11,2021-11-16,2105
CHEF,18.43,3.6,66.35,2020-03-18,2025-02-18,1798
DGNX,18.4,7.5,138.01,2025-01-22,2025-04-15,82
GRO,18.33,0.75,13.75,2016-10-05,2024-12-03,2981
RCKT,18.31,3.6,65.91,2017-07-13,2021-02-08,1306
CAPN,18.3,0.56,10.24,2017-04-25,2025-05-06,2933
CYTK,18.28,5.91,108.06,2018-12-24,2024-01-08,1841
FVRR,18.27,17.68,323.1,2019-09-24,2021-02-12,507
HMY,18.22,0.99,17.99,2016-01-04,2025-04-16,3389
LWAY,18.21,1.5,27.31,2020-03-18,2024-05-09,1513
RDNT,18.19,4.75,86.38,2016-04-06,2024-11-11,3141
UI,18.16,25.11,456.05,2016-01-19,2025-05-13,3401
INVE,18.16,1.56,28.33,2016-02-09,2021-12-27,2148
MPWR,18.12,51.96,941.36,2016-02-09,2024-08-21,3115
FFAIW,18.11,0.27,4.89,2020-09-03,2021-02-22,172
BELFA,18.06,5.8,104.83,2020-03-19,2024-10-16,1672
VCYT,18.04,4.51,81.38,2016-03-23,2021-02-09,1784
AMAT,18.04,14.04,253.31,2016-02-11,2024-07-10,3071
MHO,18.03,9.7,174.92,2020-03-18,2024-10-16,1673
CIFR,18.03,0.41,7.43,2022-12-28,2024-11-11,684
KKR,18.02,9.24,166.62,2016-02-11,2025-01-31,3277
ELTK,17.96,1.23,22.02,2019-05-13,2024-02-12,1736
GALT,17.96,0.51,9.16,2016-11-03,2018-06-18,592
BRN,17.95,0.31,5.6,2020-03-30,2021-01-28,304
SYTAW,17.93,0.03,0.54,2023-06-30,2025-05-20,690
YPF,17.91,2.57,46.03,2020-03-18,2025-01-07,1756
ZKIN,17.9,4.83,86.45,2020-03-19,2021-03-22,368
IPI,17.87,6.69,119.5,2016-03-01,2022-04-18,2238
APRE,17.85,0.47,8.46,2023-02-13,2024-02-29,381
TWI,17.82,1.1,19.6,2020-05-14,2022-06-07,754
BORR,17.78,0.47,8.38,2020-03-18,2023-08-01,1231
LEXXW,17.77,0.12,2.2,2023-11-02,2024-03-11,130
VET,17.66,1.56,27.51,2020-03-18,2022-08-29,894
IDN,17.66,0.85,15.01,2016-02-10,2021-02-08,1825
INFU,17.63,1.3,22.92,2017-05-18,2021-05-03,1446
MRVL,17.62,7.15,125.92,2016-01-19,2025-01-23,3292
USLM,17.62,8.93,157.35,2016-02-11,2024-11-26,3211
AVDL,17.59,1.07,18.82,2022-05-26,2024-05-03,708
CRS,17.55,13.43,235.71,2020-03-20,2025-05-19,1886
TBBK,17.53,3.58,62.75,2020-03-18,2025-02-05,1785
UFPT,17.52,20.46,358.42,2016-06-20,2024-09-20,3014
CDNS,17.5,18.66,326.5,2016-01-13,2024-06-18,3078
SHOT,17.5,0.32,5.6,2023-06-09,2023-12-04,178
TREX,17.48,8.05,140.68,2016-01-19,2021-12-10,2152
LPSN,17.47,4.1,71.56,2016-02-11,2021-02-19,1835
CCEC,17.46,1.35,23.57,2016-03-14,2025-05-20,3354
DKS,17.41,14.28,248.55,2020-03-18,2025-01-30,1779
RCON,17.4,14.15,246.24,2020-09-09,2021-06-03,267
EDN,17.4,2.83,49.23,2020-04-24,2024-12-13,1694
AA,17.4,5.27,91.7,2020-03-20,2022-03-24,734
RYI,17.34,2.41,41.85,2016-02-11,2023-07-03,2698
MYO,17.34,0.4,6.99,2023-01-12,2025-01-07,726
FLR,17.33,3.4,58.93,2020-03-18,2024-11-07,1695
STXS,17.3,0.59,10.17,2016-01-20,2021-06-21,1978
CLNE,17.26,1.08,18.64,2020-03-12,2021-02-09,334
SAIHW,17.22,0.02,0.35,2022-12-19,2023-04-14,115
CALX,17.2,4.65,79.97,2017-09-08,2021-12-31,1575
VST,17.2,11.14,191.57,2020-03-18,2025-01-23,1772
OPTT,17.17,0.34,5.84,2020-03-18,2021-01-25,313
EXTR,17.16,1.88,32.27,2020-03-18,2023-08-11,1241
AREN,17.12,0.57,9.76,2024-11-14,2025-05-19,185
SYRE,17.06,2.66,45.37,2023-06-21,2024-03-15,268
QURE,17.05,4.82,82.19,2017-05-09,2019-06-21,773
GDC,17.03,1.82,31.0,2022-12-28,2023-05-01,123
NGVC,16.97,3.52,59.74,2017-10-27,2025-05-09,2751
VTLE,16.97,6.85,116.32,2020-04-07,2022-06-07,791
DFIN,16.97,4.12,69.9,2020-03-25,2024-09-17,1637
RACE,16.94,29.86,505.86,2016-02-11,2025-02-20,3297
DVN,16.88,4.08,68.79,2020-03-18,2022-10-31,957
SLNHP,16.88,0.8,13.5,2023-10-17,2024-10-31,380
XPEL,16.87,6.01,101.4,2019-07-19,2021-07-23,735
GILT,16.86,1.26,21.3,2016-01-07,2021-02-12,1863
LIVE,16.84,4.2,70.74,2020-03-20,2021-06-08,445
CZR,16.83,7.1,119.49,2020-03-18,2021-10-01,562
ONC,16.81,23.98,403.14,2016-02-12,2021-09-17,2043
GTLS,16.8,14.25,239.47,2016-01-20,2022-11-08,2484
GRBK,16.79,4.99,83.77,2016-02-11,2024-10-16,3169
CLMB,16.79,8.31,139.45,2018-12-24,2024-11-22,2160
WPRT,16.77,7.25,121.6,2020-03-23,2021-02-08,322
TMDX,16.77,10.5,176.11,2020-03-16,2024-08-27,1625
AVPTW,16.73,0.51,8.6,2022-10-19,2025-05-13,937
TIGR,16.69,2.2,36.72,2020-03-18,2021-02-16,335
ADAP,16.69,0.72,12.1,2019-11-15,2020-06-02,199
MLSS,16.68,0.28,4.67,2018-12-24,2021-03-10,807
NMM,16.68,3.82,63.78,2020-03-23,2024-10-03,1655
LLY,16.67,57.26,954.76,2016-12-01,2024-08-30,2828
SNAP,16.66,4.99,83.11,2018-12-21,2021-09-24,1007
SRPT,16.64,10.74,178.74,2016-02-08,2020-12-22,1779
GOGO,16.63,1.4,23.28,2020-05-08,2022-04-14,706
STIM,16.62,1.28,21.27,2020-03-23,2021-01-22,305
CMBM,16.6,3.91,64.92,2020-03-16,2021-04-12,392
KLAC,16.58,53.33,884.19,2016-02-11,2024-07-10,3071
MCRB,16.55,45.6,754.6,2019-06-14,2020-11-17,522
VEEV,16.55,20.61,341.0,2016-02-11,2021-08-05,2001
FANG,16.51,12.39,204.52,2020-03-18,2024-07-17,1582
FTEK,16.51,0.39,6.44,2020-04-02,2021-01-25,298
IONQ,16.47,3.1,51.07,2022-12-27,2025-01-06,741
DY,16.47,13.49,222.22,2020-03-18,2025-05-21,1890
PTCT,16.45,4.19,68.92,2016-11-03,2021-01-07,1526
AM,16.43,1.15,18.96,2020-03-18,2025-05-16,1885
MU,16.34,9.35,152.74,2016-05-13,2024-06-18,2958
AVTX,16.33,1272.96,20793.6,2017-04-28,2019-02-27,670
WULF,16.32,0.54,8.82,2023-03-16,2024-11-11,606
NXE,16.29,0.55,8.88,2020-03-23,2024-11-22,1705
GDS,16.25,7.12,115.71,2017-06-09,2021-02-19,1351
EXE,16.24,7.13,115.75,2020-05-14,2025-05-21,1833
ATKR,16.22,11.72,190.07,2020-03-18,2024-04-01,1475
PHVS,16.2,1.98,32.07,2022-12-02,2024-02-05,430
CDIOW,16.2,0.04,0.73,2023-02-24,2023-03-02,6
ARLP,16.19,1.71,27.74,2020-10-19,2025-01-24,1558
KURA,16.19,2.57,41.62,2016-07-05,2020-12-11,1620
VRNS,16.17,4.54,73.41,2016-02-09,2021-09-07,2036
ONMDW,16.16,0.01,0.08,2024-01-22,2024-08-13,203
NAK,16.16,0.21,3.36,2016-01-20,2017-02-10,387
AGYS,16.16,8.77,141.74,2016-01-11,2024-12-17,3263
KOS,16.16,0.53,8.55,2020-03-19,2023-02-27,1075
PBR,16.14,0.93,15.0,2016-02-11,2024-05-09,3009
CG,16.12,3.48,56.15,2016-02-09,2025-01-23,3271
XPRO,16.12,1.54,24.83,2020-09-30,2023-09-15,1080
EH,16.12,7.7,124.09,2020-07-28,2021-02-12,199
INO,16.09,23.64,380.28,2019-10-01,2020-06-29,272
CEADW,16.06,0.0,0.05,2023-12-27,2024-04-18,112
HYMCL,16.05,0.05,0.73,2022-02-22,2022-03-29,34
BE,15.97,2.67,42.65,2019-10-24,2021-02-08,473
CRMLW,15.96,0.04,0.64,2022-10-24,2025-02-05,835
INTZ,15.96,0.36,5.68,2024-12-23,2024-12-30,7
TGTX,15.96,3.44,54.9,2018-12-24,2020-12-21,728
AZTA,15.94,7.78,124.04,2016-02-09,2021-11-08,2099
JYD,15.94,0.5,7.97,2024-07-05,2025-04-01,270
AREC,15.91,0.46,7.32,2020-02-25,2021-02-09,350
NITO,15.89,0.17,2.64,2024-12-18,2025-01-03,16
HWM,15.89,10.46,166.24,2020-04-21,2025-05-19,1854
MARPS,15.89,0.75,11.85,2020-05-15,2022-03-08,662
MSGM,15.88,2.33,37.0,2022-12-27,2023-02-01,36
ONEW,15.88,3.84,60.97,2020-03-18,2021-12-31,653
ORGO,15.87,9.45,150.0,2017-12-11,2019-01-11,396
NOVT,15.87,11.73,186.2,2016-02-05,2024-07-16,3083
APT,15.83,1.57,24.86,2016-01-07,2020-08-03,1669
LINC,15.83,1.37,21.69,2016-06-23,2025-05-16,3249
SID,15.83,0.45,7.13,2016-01-20,2021-05-11,1937
CTNT,15.82,14.93,236.16,2023-11-01,2024-05-20,201
TRNS,15.8,9.12,144.07,2016-02-12,2024-07-22,3082
ATEC,15.8,1.19,18.8,2019-02-07,2023-07-13,1616
WSM,15.75,13.76,216.68,2020-03-18,2025-02-18,1798
FCX,15.75,3.43,53.96,2016-01-13,2024-05-20,3049
WLFC,15.74,14.65,230.64,2020-05-15,2024-11-07,1637
GOTU,15.73,9.07,142.7,2019-07-10,2021-01-27,567
SMR,15.73,1.92,30.21,2024-01-18,2024-11-22,309
HONDW,15.73,0.08,1.29,2024-10-23,2025-05-13,202
SCNI,15.72,325.0,5110.0,2016-11-23,2020-07-13,1327
CSWI,15.71,27.46,431.32,2016-02-22,2024-11-25,3199
SUPV,15.69,1.21,18.94,2022-07-20,2025-01-10,905
BCC,15.67,9.7,151.98,2016-02-18,2024-11-25,3203
GDEN,15.67,3.45,54.1,2020-03-20,2022-04-01,742
APPN,15.67,15.01,235.24,2017-05-25,2021-01-27,1343
BILI,15.65,9.99,156.37,2018-05-04,2021-02-10,1013
CVE,15.59,1.48,22.99,2020-03-18,2022-06-07,811
ONFOW,15.57,0.02,0.33,2024-03-06,2024-12-19,288
IDYA,15.55,3.03,47.13,2020-03-17,2024-02-16,1431
APVO,15.55,5063.08,78730.08,2020-04-03,2020-11-11,222
RGEN,15.49,20.93,324.21,2016-02-08,2021-09-23,2053
IBP,15.47,17.21,266.23,2016-01-19,2024-07-31,3115
CPRT,15.47,4.13,63.84,2016-01-21,2025-05-16,3402
LSF,15.46,0.65,10.05,2023-05-31,2024-12-04,553
BBAI,15.46,0.63,9.78,2022-12-29,2025-02-13,777
EVI,15.44,2.98,46.02,2016-03-11,2018-08-24,895
GPI,15.42,31.35,483.54,2020-03-18,2025-02-13,1793
CRSP,15.42,13.62,210.04,2017-05-31,2021-01-14,1324
BOOM,15.34,4.88,74.88,2016-01-19,2019-06-05,1232
RILY,15.34,4.59,70.35,2016-07-07,2021-12-29,2001
ON,15.33,7.05,108.09,2016-02-11,2023-08-01,2727
SNPS,15.33,40.53,621.3,2016-01-13,2024-07-05,3095
GLOB,15.32,23.13,354.44,2016-02-12,2021-11-09,2097
NXL,15.3,0.28,4.36,2023-10-24,2024-12-06,409
CDIO,15.3,6.0,91.8,2023-10-25,2024-01-02,69
OBLG,15.29,372.68,5700.0,2019-08-21,2020-11-30,467
IMPP,15.29,7.36,112.5,2022-02-18,2022-03-07,17
RDW,15.27,1.68,25.66,2022-12-28,2025-02-13,778
BYRN,15.26,2.24,34.19,2023-09-29,2025-02-10,500
ASML,15.26,71.37,1089.33,2016-01-15,2024-07-10,3098
FRHC,15.26,12.0,183.07,2020-03-18,2025-05-20,1889
CTRN,15.23,7.12,108.45,2020-04-03,2021-04-23,385
IHT,15.21,0.73,11.13,2020-05-13,2021-06-08,391
TRVI,15.2,0.46,6.99,2022-02-23,2025-05-02,1163
YRD,15.19,3.21,48.78,2016-02-11,2017-10-18,614
MPC,15.17,14.14,214.57,2020-03-23,2024-04-05,1474
PIIIW,15.16,0.03,0.47,2023-03-22,2023-06-06,76
NUVL,15.16,7.4,112.17,2022-05-16,2024-09-16,854
AMRK,15.11,3.04,45.96,2020-01-28,2024-09-13,1689
CDLX,15.11,10.4,157.18,2018-12-21,2021-02-12,784
PXSAW,15.11,0.13,2.01,2022-01-27,2023-03-03,400
VOC,15.08,0.65,9.82,2016-01-19,2023-01-20,2558
WAVE,15.06,1.04,15.64,2024-03-27,2024-12-11,259
BELFB,15.06,6.06,91.19,2020-04-23,2024-12-17,1699
RMBL,15.05,3.82,57.5,2020-03-16,2021-03-15,364
EVER,15.02,4.18,62.79,2018-12-31,2020-07-09,555
CURI,15.02,0.42,6.32,2024-02-26,2025-05-21,449
CLFD,15.01,8.77,131.62,2018-12-21,2022-11-30,1440
PDS,15.0,5.7,85.5,2020-03-23,2023-01-20,1033
MTLS,14.99,5.38,80.62,2016-02-23,2021-02-09,1813
ENTG,14.99,10.18,152.58,2016-01-21,2021-11-29,2139
MHUA,14.99,2.6,39.0,2022-07-26,2023-02-21,210
GGAL,14.98,4.82,72.22,2020-04-27,2025-01-07,1716
PBF,14.97,3.96,59.26,2020-10-28,2024-04-05,1255
VVOS,14.96,2.74,41.0,2023-11-10,2023-11-29,19
SGLY,14.96,22.5,336.5,2016-02-16,2016-11-16,274
ASND,14.92,12.25,182.76,2016-06-07,2020-12-14,1651
VNOM,14.91,3.68,54.91,2020-03-23,2024-11-22,1705
TUSK,14.91,0.58,8.65,2020-04-07,2022-12-30,997
BMR,14.9,1.08,16.09,2023-11-01,2024-02-14,105
THC,14.9,11.32,168.66,2020-03-18,2025-05-20,1889
BBAR,14.86,1.59,23.65,2022-07-14,2025-01-22,923
TWST,14.86,14.0,207.97,2018-10-31,2021-01-20,812
NET,14.86,14.62,217.25,2019-10-22,2021-11-18,758
BTCT,14.85,1.33,19.75,2024-09-18,2024-11-14,57
HTCO,14.82,0.28,4.15,2024-09-09,2025-01-02,115
RPD,14.81,9.46,140.13,2016-02-09,2021-11-08,2099
BVS,14.8,0.93,13.71,2023-05-04,2024-11-04,550
CORZZ,14.79,1.23,18.19,2024-04-16,2024-11-22,220
TRAW,14.79,44.63,660.0,2019-11-26,2021-02-18,450
CLIR,14.79,0.39,5.8,2020-03-20,2021-04-01,377
ACLX,14.78,7.21,106.53,2022-05-18,2024-11-11,908
ZS,14.78,24.95,368.78,2018-05-25,2021-11-19,1274
MREO,14.76,0.33,4.87,2022-05-11,2024-08-26,838
SENS,14.76,0.36,5.28,2020-10-28,2021-02-16,111
CRVS,14.75,0.65,9.56,2023-03-28,2024-11-11,594
BMA,14.72,7.87,115.85,2022-07-21,2025-01-07,901
CTRM,14.69,11.78,173.0,2020-11-02,2021-02-11,101
W,14.69,23.52,345.47,2020-03-19,2021-03-22,368
IPWR,14.69,1.53,22.47,2020-03-23,2021-02-05,319
CNTY,14.65,1.08,15.82,2020-03-19,2021-11-03,594
ATI,14.64,5.23,76.58,2020-03-23,2025-05-19,1883
WK,14.64,10.99,160.85,2016-02-12,2021-11-09,2097
DXCM,14.64,11.12,162.82,2017-10-26,2021-11-17,1483
USAC,14.61,1.96,28.64,2020-03-18,2025-02-10,1790
OPRX,14.61,6.71,98.0,2020-03-16,2021-10-21,584
PETZ,14.59,9.53,139.0,2019-05-17,2021-11-09,907
NPCE,14.57,1.29,18.8,2022-12-28,2025-05-21,874
AREB,14.55,1.34,19.5,2025-03-31,2025-04-04,4
IREN,14.52,1.06,15.39,2022-12-28,2024-12-06,709
CRAI,14.51,14.5,210.44,2016-02-11,2025-02-20,3297
YYAI,14.5,3.09,44.8,2024-01-26,2024-04-15,79
LGVN,14.49,29.2,423.0,2021-11-17,2021-11-24,7
DKL,14.48,3.32,48.02,2020-03-18,2022-08-25,890
DOMH,14.48,0.86,12.47,2024-12-30,2025-02-13,45
CAL,14.48,3.01,43.57,2020-03-18,2024-08-23,1619
NFLX,14.47,82.79,1197.56,2016-02-05,2025-05-21,3392
FNGR,14.44,0.62,8.95,2022-09-22,2022-10-12,20
ISPOW,14.44,0.0,0.04,2024-01-11,2024-08-21,222
INMD,14.42,6.78,97.86,2019-08-08,2021-11-02,817
SGRY,14.33,4.68,67.05,2020-03-16,2021-06-25,466
NOG,14.32,2.96,42.36,2020-11-06,2024-11-29,1484
UCTT,14.26,4.56,65.01,2016-02-12,2021-04-05,1878
LGMK,14.25,1200.0,17100.0,2020-03-12,2021-02-17,342
RVPH,14.25,0.6,8.55,2022-08-10,2023-05-05,268
XBPEW,14.25,0.02,0.28,2022-12-29,2023-10-02,276
MFH,14.22,0.56,7.9,2022-11-11,2025-02-06,818
ODFL,14.18,16.3,231.19,2016-01-20,2024-11-11,3218
MKDWW,14.18,0.01,0.09,2024-01-25,2024-08-07,194
OII,14.16,2.16,30.58,2020-03-18,2024-12-02,1720
ASMB,14.13,54.48,769.92,2016-02-29,2018-03-14,743
GROW,14.09,0.75,10.58,2020-03-24,2021-04-09,381
PBT,14.06,1.79,25.16,2020-10-28,2023-04-10,894
NXTT,14.04,0.23,3.27,2025-04-08,2025-05-12,34
JVA,14.02,0.68,9.57,2023-10-10,2025-03-07,514
PLAY,14.02,4.87,68.29,2020-03-18,2024-04-03,1477
PRDO,14.0,2.24,31.36,2016-02-12,2025-05-19,3383
WLDSW,13.99,0.45,6.3,2024-11-22,2025-03-17,114
RFL,13.98,4.55,63.59,2018-04-02,2021-07-12,1197
SLP,13.98,6.28,87.83,2016-06-24,2021-02-09,1691
CPSS,13.97,1.08,15.09,2020-03-19,2022-05-09,781
TGB,13.93,0.22,3.05,2020-03-23,2024-05-20,1519
BMEA,13.93,3.0,41.8,2022-04-29,2023-06-08,405
GSL,13.9,2.05,28.43,2020-03-19,2024-06-25,1559
COHN,13.89,1.9,26.41,2019-11-27,2021-03-03,462
ESLAW,13.89,0.02,0.3,2023-01-25,2023-09-01,218
CDXS,13.88,3.01,41.78,2016-03-22,2021-11-08,2057
RVSN,13.87,1.08,14.98,2024-01-03,2024-01-30,27
MED,13.84,21.3,294.78,2016-02-04,2021-05-28,1939
HOVRW,13.83,0.01,0.13,2024-10-15,2024-12-27,73
TKO,13.83,12.74,176.16,2016-02-12,2025-02-12,3288
GRNQ,13.83,3.0,41.5,2020-04-03,2021-02-17,320
AGI,13.81,2.2,30.33,2016-01-20,2025-04-16,3373
PIPR,13.81,24.91,344.02,2016-02-02,2024-11-25,3219
CRWD,13.79,33.01,455.36,2020-03-16,2025-02-18,1800
AENT,13.78,0.74,10.26,2023-12-15,2025-01-06,388
NIVFW,13.77,0.01,0.12,2022-11-28,2024-04-23,511
WCC,13.75,15.43,212.14,2020-03-18,2024-11-25,1713
EVGOW,13.73,0.14,1.91,2024-07-02,2024-10-24,114
IDT,13.73,4.8,65.98,2018-05-31,2021-11-12,1261
AREBW,13.73,0.01,0.07,2023-12-08,2025-04-04,482
ERJ,13.72,4.11,56.34,2020-11-02,2025-03-19,1597
FOXXW,13.71,0.02,0.34,2022-10-26,2024-12-06,772
HEES,13.7,7.34,100.57,2016-02-11,2025-02-18,3295
DRD,13.68,1.25,17.16,2016-01-04,2025-04-16,3389
MVO,13.66,0.86,11.73,2020-03-23,2022-12-30,1012
NNE,13.65,3.26,44.51,2024-05-14,2025-01-24,255
CMG,13.64,5.03,68.55,2018-02-13,2024-06-18,2316
LXEH,13.63,2.06,28.08,2024-11-21,2025-04-08,137
MLTX,13.62,4.69,63.86,2022-05-16,2024-02-12,637
CHSN,13.62,1.1,14.98,2023-04-10,2023-12-14,248
ELEV,13.61,0.38,5.17,2023-11-10,2024-04-03,144
CRGOW,13.59,0.03,0.37,2023-11-27,2025-02-21,452
AVNW,13.59,3.09,41.98,2016-06-27,2021-04-06,1744
TDUP,13.59,0.53,7.18,2024-11-04,2025-05-20,196
CREV,13.58,6.67,90.59,2023-10-24,2023-11-07,14
INSP,13.56,24.05,326.08,2018-05-07,2023-07-14,1894
RICK,13.56,7.08,95.98,2020-03-18,2023-01-11,1029
CNQ,13.51,2.92,39.47,2020-03-18,2024-04-10,1484
BZUN,13.51,4.91,66.33,2016-02-12,2018-06-12,850
AERTW,13.51,0.01,0.15,2022-12-20,2023-10-30,313
MDIA,13.49,0.42,5.6,2023-12-28,2024-08-14,229
SSY,13.47,0.36,4.85,2016-02-19,2021-03-16,1851
PVL,13.46,0.32,4.28,2020-11-09,2022-06-10,577
QS,13.45,9.79,131.67,2020-08-21,2020-12-22,123
TIL,13.39,6.31,84.52,2023-12-07,2024-09-13,280
PODD,13.38,24.68,330.23,2016-02-11,2023-05-12,2646
CHX,13.38,2.9,38.82,2020-03-23,2024-04-05,1474
WVE,13.37,1.23,16.44,2022-05-13,2024-11-08,910
VALE,13.35,1.24,16.59,2016-01-25,2022-04-04,2260
TSM,13.34,16.79,223.93,2016-01-13,2025-01-23,3298
TAL,13.34,6.76,90.15,2016-01-15,2021-02-19,1862
MOBBW,13.32,0.07,0.88,2024-06-05,2024-12-26,204
SFM,13.3,13.32,177.12,2020-03-12,2025-02-14,1800
OKTA,13.29,21.95,291.78,2017-07-31,2021-02-12,1292
FOXF,13.29,14.14,187.93,2016-01-26,2021-11-15,2120
CMMB,13.27,9.6,127.36,2020-03-25,2021-02-10,322
HYMCW,13.27,0.3,3.98,2020-04-01,2020-08-06,127
COGT,13.27,1.28,16.99,2020-03-16,2022-09-01,899
EVGN,13.25,7.5,99.4,2020-03-18,2021-02-11,330
UKOMW,13.25,0.05,0.66,2020-04-29,2021-02-05,282
AIFU,13.25,0.11,1.51,2025-04-29,2025-05-21,22
UPST,13.23,29.47,390.0,2020-12-16,2021-10-15,302
CWH,13.2,2.96,39.1,2020-03-18,2021-05-04,412
SRZNW,13.17,0.01,0.08,2023-10-17,2024-03-25,160
LNZAW,13.15,0.12,1.61,2022-10-06,2023-09-19,348
FLNG,13.14,2.22,29.19,2020-03-23,2022-11-30,982
KAI,13.13,32.14,422.1,2016-01-21,2024-11-26,3232
VFSWW,13.13,0.6,7.89,2023-08-21,2023-08-31,10
STEC,13.13,0.21,2.7,2024-08-19,2024-10-16,58
EME,13.12,40.83,535.64,2016-01-20,2025-01-22,3290
RIG,13.12,0.67,8.8,2020-10-30,2023-07-31,1004
ZBRA,13.1,46.93,614.55,2016-07-06,2021-12-10,1983
APA,13.09,3.57,46.76,2020-04-01,2022-06-07,797
OXBR,13.07,0.54,7.06,2018-12-24,2021-12-27,1099
WRN,13.07,0.2,2.64,2016-01-20,2021-05-27,1953
IMVT,13.07,3.38,44.19,2022-06-16,2023-12-26,558
CAAP,13.05,1.68,21.92,2020-04-03,2025-05-19,1872
EDRY,13.04,3.28,42.75,2020-06-05,2022-04-21,685
NVFY,13.03,9.75,127.0,2016-06-22,2016-10-03,103
DELL,13.03,13.52,176.14,2020-03-18,2024-05-29,1533
EYPT,13.03,2.28,29.71,2023-03-24,2024-02-12,325
TYG,13.0,3.6,46.83,2020-03-18,2025-01-21,1770
UUUU,12.99,0.85,10.99,2020-03-12,2021-11-12,610
HLNE,12.98,15.43,200.34,2017-03-01,2024-11-11,2812
BX,12.98,15.1,196.0,2016-02-11,2024-11-22,3207
GGB,12.97,0.43,5.63,2016-01-21,2023-07-31,2747
REPX,12.95,3.81,49.36,2017-03-30,2021-02-10,1413
RENB,12.95,0.4,5.18,2023-06-28,2023-10-10,104
JFBRW,12.94,0.02,0.22,2023-12-14,2024-01-10,27
AEMD,12.91,8.36,107.9,2019-12-26,2021-06-09,530
TOL,12.88,12.97,167.04,2020-03-23,2024-11-25,1708
NPKI,12.82,0.67,8.59,2020-04-01,2025-05-13,1868
ZLAB,12.82,14.95,191.71,2018-10-11,2021-01-20,832
HLX,12.82,1.0,12.82,2020-04-03,2024-07-16,1565
EGY,12.8,0.59,7.54,2017-08-28,2022-06-21,1758
GLP,12.8,4.61,58.97,2020-03-18,2025-02-20,1800
MSPRZ,12.8,0.03,0.37,2023-10-25,2023-11-06,12
SNEX,12.78,7.37,94.15,2016-02-11,2025-05-07,3372
NVAWW,12.77,0.86,10.98,2024-08-20,2025-01-06,139
REVG,12.76,3.02,38.49,2020-03-30,2025-05-20,1877
CSPI,12.76,2.17,27.73,2016-02-22,2024-03-01,2930
RMSGW,12.75,0.01,0.06,2023-06-07,2025-05-05,698
PTGX,12.74,4.69,59.76,2019-12-03,2025-03-11,1924
COKE,12.73,114.38,1455.8,2016-06-09,2025-02-13,3171
NBN,12.72,8.61,109.54,2020-03-18,2025-02-07,1787
EXEL,12.71,3.64,46.26,2016-02-29,2025-05-15,3362
DRMAW,12.7,0.0,0.06,2022-12-06,2023-02-13,69
FEMY,12.7,0.31,3.89,2023-09-21,2023-10-02,11
KTTAW,12.68,0.0,0.05,2023-12-19,2024-10-02,287
ROAD,12.65,8.17,103.36,2018-12-20,2025-05-13,2335
HCC,12.65,5.89,74.53,2017-06-21,2024-11-07,2696
CYBR,12.64,32.78,414.31,2016-02-12,2025-02-13,3289
TPC,12.62,2.91,36.73,2020-03-17,2025-05-16,1886
MTZ,12.61,12.75,160.79,2016-02-11,2025-01-21,3267
COSM,12.61,1.82,23.01,2022-11-09,2022-12-16,37
INMB,12.6,2.21,27.85,2020-03-18,2021-09-07,538
EPAM,12.59,57.0,717.49,2016-02-12,2021-11-08,2096
SERV,12.59,1.82,22.92,2024-06-26,2025-02-13,232
PGR,12.56,23.18,291.12,2016-01-25,2025-03-17,3338
FBP,12.55,1.74,21.88,2016-01-25,2024-11-06,3208
FN,12.55,21.8,273.5,2016-01-19,2024-08-21,3136
GTIM,12.53,0.45,5.64,2020-04-08,2021-10-05,545
AAPL,12.51,20.65,258.42,2016-05-12,2024-12-26,3150
ASTH,12.51,9.55,119.45,2020-03-16,2021-11-16,610
IMRN,12.5,1.6,20.0,2020-04-07,2020-06-09,63
METC,12.49,1.7,21.2,2020-05-13,2024-01-09,1336
Z,12.49,16.01,199.9,2016-02-08,2021-02-16,1835
GFI,12.48,1.98,24.67,2018-09-10,2025-04-16,2410
DUO,12.48,0.35,4.38,2024-05-10,2024-10-02,145
BCRX,12.47,1.58,19.76,2019-11-14,2022-02-16,825
AMODW,12.45,0.01,0.12,2023-12-18,2025-02-13,423
ALGN,12.45,58.65,729.92,2016-02-08,2021-09-08,2038
GSHD,12.45,13.49,167.96,2018-04-30,2021-10-11,1260
CNVS,12.43,5.84,72.6,2020-03-23,2020-06-04,73
KGC,12.42,1.26,15.61,2016-01-19,2025-05-07,3395
AUDC,12.42,3.31,41.07,2016-06-14,2020-07-27,1504
WWR,12.42,0.95,11.8,2020-04-02,2020-10-06,187
AMSC,12.39,2.97,36.81,2017-08-08,2024-11-11,2652
LFWD,12.38,2.94,36.4,2020-04-03,2021-02-16,319
IMNM,12.37,2.21,27.34,2022-12-30,2024-03-07,433
CTAS,12.37,18.24,225.64,2016-01-21,2024-11-26,3232
MRKR,12.37,0.71,8.78,2023-03-31,2023-07-25,116
RCL,12.36,22.15,273.83,2020-03-18,2025-01-30,1779
XYF,12.36,1.34,16.55,2020-09-24,2025-05-21,1700
LGHLW,12.36,0.07,0.9,2020-09-29,2021-02-18,142
FATBW,12.31,0.8,9.85,2020-07-14,2021-06-28,349
LQDT,12.29,3.06,37.61,2020-03-27,2025-01-28,1768
CLSD,12.29,0.59,7.2,2019-09-03,2021-08-27,724
INTT,12.29,2.19,26.91,2020-03-18,2023-06-27,1196
HUSA,12.27,0.92,11.3,2020-09-11,2022-03-07,542
GCMGW,12.26,0.23,2.85,2024-02-06,2025-02-19,379
ISRLW,12.25,0.02,0.24,2024-09-12,2025-05-14,244
PDX,12.25,2.55,31.25,2020-03-18,2025-01-17,1766
RKDA,12.24,156.8,1919.6,2017-12-07,2018-03-14,96
ORMP,12.24,2.43,29.75,2019-11-20,2021-11-08,719
STKL,12.24,1.35,16.52,2019-10-18,2021-02-11,482
DOMO,12.24,7.98,97.7,2020-03-23,2021-08-26,521
TRMD,12.24,2.89,35.4,2018-10-31,2024-07-23,2092
MESO,12.23,1.72,21.04,2024-01-18,2024-12-30,347
HOVNP,12.22,1.41,17.26,2018-12-27,2025-04-01,2286
ILLR,12.21,0.68,8.26,2024-03-20,2024-05-06,47
LOB,12.18,7.94,96.71,2020-03-18,2021-11-04,596
UCL,12.17,0.49,5.96,2022-10-10,2023-02-02,115
PCTY,12.15,25.17,305.75,2016-02-09,2021-11-01,2091
CRVL,12.15,10.57,128.46,2016-11-09,2025-02-05,3010
KTOS,12.14,2.99,36.29,2016-01-26,2025-05-02,3383
APLD,12.14,0.88,10.68,2022-07-13,2024-11-25,866
AXGN,12.13,4.61,55.9,2016-01-15,2018-07-23,919
CASI,12.12,6.79,82.3,2016-01-13,2018-06-29,897
COEPW,12.11,0.02,0.19,2022-10-20,2023-03-22,153
DNN,12.1,0.2,2.42,2020-03-18,2024-05-29,1533
EUDA,12.08,0.5,6.05,2023-07-18,2024-12-12,513
MUR,12.08,3.86,46.61,2020-03-18,2022-11-11,968
PRPO,12.07,11.6,140.0,2020-04-07,2020-07-30,114
SPWR,12.06,0.26,3.08,2024-04-17,2024-09-19,155
JKS,12.06,6.47,78.0,2018-10-29,2020-10-20,722
WTO,12.05,46.25,557.5,2024-04-05,2024-08-27,144
RVLV,12.03,7.3,87.79,2020-03-23,2021-11-18,605
EQT,12.02,4.69,56.36,2020-02-26,2025-05-14,1903
LTRX,12.01,0.83,9.97,2016-02-29,2021-11-08,2079
SGI,12.0,5.75,68.97,2020-03-18,2025-02-18,1798
BOXL,12.0,14.0,168.0,2020-03-23,2020-07-16,115
CYCCP,11.99,1.78,21.31,2016-01-15,2024-01-30,2937
NKTX,11.99,1.31,15.71,2023-10-02,2024-03-06,156
SPT,11.98,12.04,144.26,2020-04-13,2021-09-23,528
PTEN,11.97,1.53,18.3,2020-04-03,2022-05-27,784
XTIA,11.97,3206250.0,38390625.0,2019-12-12,2020-01-03,22
ZG,11.95,17.06,203.79,2016-02-08,2021-02-16,1835
NEON,11.93,1.1,13.12,2023-10-30,2025-05-02,550
ANIX,11.9,0.6,7.14,2017-08-15,2021-03-17,1310
DDD,11.9,4.65,55.35,2020-09-25,2021-02-09,137
YI,11.88,23.0,273.3,2019-09-06,2021-02-16,529
ELPW,11.87,0.59,6.95,2025-03-28,2025-05-19,52
QLYS,11.86,17.36,205.89,2016-02-09,2023-12-19,2870
OFG,11.85,3.9,46.19,2016-02-11,2024-11-25,3210
PGY,11.84,30.36,359.4,2022-07-18,2022-08-02,15
PDD,11.83,17.15,202.82,2018-11-13,2021-02-17,827
TPB,11.83,6.85,81.0,2016-06-16,2025-05-07,3247
ZEOWW,11.82,0.01,0.15,2023-12-11,2025-01-24,410
SJT,11.82,1.03,12.13,2020-03-23,2022-08-18,878
JSPRW,11.82,0.02,0.24,2022-12-28,2024-03-05,433
IOVA,11.82,4.45,52.59,2017-08-16,2021-02-08,1272
UONEK,11.82,0.63,7.4,2020-05-14,2021-10-04,508
MTSI,11.81,12.6,148.78,2019-05-07,2025-01-21,2086
TAIT,11.81,0.45,5.36,2016-04-27,2019-05-08,1106
GIC,11.81,3.77,44.56,2017-03-24,2024-03-21,2554
CSBR,11.8,1.48,17.47,2016-09-16,2018-09-28,742
SRV,11.79,4.03,47.55,2020-03-18,2025-01-22,1771
TVGN,11.76,0.26,3.05,2024-10-09,2024-10-25,16
TATT,11.74,3.0,35.21,2020-03-18,2025-05-15,1884
JAKK,11.72,3.08,36.11,2020-03-27,2023-12-19,1362
BILL,11.72,29.21,342.26,2020-03-18,2021-11-09,601
TDG,11.72,125.62,1472.62,2016-02-09,2025-05-05,3372
JFBR,11.71,4.55,53.3,2023-11-01,2023-12-15,44
BTG,11.71,0.52,6.07,2016-01-25,2020-08-05,1653
PFSI,11.7,9.87,115.54,2016-03-10,2024-09-16,3111
GCLWW,11.7,0.01,0.12,2022-12-27,2025-02-19,785
STLD,11.7,13.08,153.09,2016-01-21,2024-11-06,3212
GDEVW,11.69,0.03,0.37,2023-03-17,2023-03-31,14
BLDEW,11.68,0.5,5.84,2020-04-02,2021-02-12,316
AKBA,11.68,0.25,2.92,2022-11-29,2025-05-20,902
ESTA,11.67,7.56,88.21,2020-03-18,2021-07-01,470
PPSI,11.66,0.51,5.92,2020-05-29,2021-12-08,558
VTGN,11.66,8.88,103.5,2019-11-15,2021-07-01,593
CHEK,11.63,5.28,61.4,2020-11-04,2021-03-15,130
AGS,11.63,1.05,12.22,2020-03-18,2025-05-21,1890
CRDO,11.63,7.35,85.5,2023-05-04,2025-01-22,629
IRTC,11.63,23.08,268.46,2016-11-04,2021-01-20,1538
TTEK,11.62,4.33,50.36,2016-01-21,2024-10-29,3203
ALVOW,11.6,0.5,5.8,2022-11-16,2024-02-26,467
WATT,11.59,12.48,144.6,2020-04-03,2021-02-19,322
FSLY,11.58,11.13,128.83,2020-03-16,2020-10-13,211
MTUS,11.58,2.26,26.18,2020-04-22,2022-06-07,776
PANW,11.57,18.0,208.28,2017-04-05,2025-02-18,2876
SIRI,11.57,2.43,28.09,2024-06-10,2024-12-09,182
ARQQ,11.56,3.79,43.83,2024-10-07,2024-12-26,80
WB,11.56,9.39,108.54,2016-02-12,2018-02-23,742
SLS,11.54,1.53,17.66,2020-04-02,2020-12-10,252
EQ,11.52,2.3,26.5,2020-03-24,2020-07-13,111
KALA,11.47,3.67,42.09,2022-12-22,2023-01-04,13
AAON,11.47,12.25,140.49,2016-01-19,2024-11-11,3219
FRO,11.46,2.33,26.71,2018-02-28,2024-05-28,2280
MBOT,11.46,1.42,16.28,2018-12-18,2019-12-24,371
LIQT,11.45,8.35,95.6,2017-06-21,2021-02-08,1328
SLQT,11.45,0.53,6.05,2022-10-21,2025-02-18,851
PRTA,11.45,6.89,78.89,2019-08-23,2021-09-23,762
GTE,11.44,1.84,21.0,2020-03-20,2022-06-08,810
JANX,11.42,5.85,66.83,2023-11-09,2024-12-04,391
FSLR,11.42,26.33,300.71,2017-04-03,2024-06-12,2627
IMO,11.41,6.86,78.31,2020-03-18,2024-10-07,1664
ARLO,11.4,1.5,17.1,2020-03-16,2024-07-17,1584
ONCY,11.4,0.42,4.76,2019-10-02,2019-12-31,90
GTEC,11.4,1.39,15.85,2020-03-19,2021-03-29,375
MSCI,11.39,57.04,649.79,2016-02-08,2021-11-16,2108
LYTS,11.33,2.17,24.58,2019-03-27,2025-01-23,2129
HOFVW,11.33,0.18,2.04,2020-10-29,2021-03-29,151
XOMA,11.32,4.03,45.61,2017-02-10,2020-12-21,1410
MLI,11.31,8.38,94.8,2020-03-18,2024-11-11,1699
ADCT,11.3,0.47,5.29,2023-11-09,2024-02-16,99
CCJ,11.29,5.41,61.14,2020-03-18,2024-12-05,1723
JFIN,11.26,1.32,14.84,2022-05-11,2025-03-27,1051
OMER,11.25,1.08,12.15,2023-10-27,2024-11-26,396
UPWK,11.24,5.4,60.7,2020-04-03,2021-07-13,466
DSYWW,11.24,0.01,0.13,2023-12-26,2024-06-10,166
AJG,11.23,30.73,345.24,2016-01-28,2025-03-31,3349
RGNX,11.22,7.32,82.15,2016-07-19,2018-07-10,721
AMKR,11.21,3.88,43.56,2016-02-12,2024-07-16,3076
ARBEW,11.2,0.25,2.8,2020-10-30,2021-11-11,377
PN,11.19,0.36,4.03,2017-11-22,2025-03-04,2659
AOSL,11.18,5.88,65.72,2020-03-20,2022-03-24,734
CCB,11.18,9.01,100.71,2020-03-18,2025-03-03,1811
CSCI,11.18,29.87,334.0,2020-11-02,2021-02-08,98
SINT,11.17,5838.02,65200.0,2020-03-18,2020-08-04,139
PAVM,11.17,12.61,140.85,2019-12-10,2021-09-23,652
CNET,11.15,11.1,123.8,2020-03-19,2021-02-17,335
GCTK,11.15,28.71,320.0,2023-04-04,2023-04-10,6
MTR,11.14,2.45,27.27,2020-09-24,2023-05-24,972
LBRT,11.14,2.18,24.28,2020-04-01,2024-05-31,1521
EDU,11.14,8.56,95.4,2022-03-14,2024-03-04,721
STM,11.14,4.8,53.47,2016-02-10,2023-07-27,2723
DAKT,11.14,1.75,19.5,2022-12-08,2024-12-06,729
RR,11.11,0.37,4.11,2024-08-06,2025-01-06,153
IRS,11.1,1.57,17.45,2020-09-23,2024-12-05,1534
DXYZ,11.09,9.0,99.79,2024-03-26,2024-04-08,13
LNG,11.09,22.77,252.54,2016-02-08,2025-01-16,3265
NBY,11.07,343.0,3797.5,2019-05-24,2019-06-10,17
SYNA,11.07,26.45,292.85,2019-05-31,2021-12-07,921
RYAM,11.06,0.97,10.75,2020-04-03,2021-03-15,346
THM,11.05,0.19,2.09,2016-01-04,2020-07-07,1645
MMYT,11.05,10.9,120.46,2020-03-18,2024-12-06,1724
AZ,11.04,0.85,9.39,2024-06-20,2025-05-14,328
EOSE,11.03,0.64,7.11,2024-05-08,2025-05-15,372
NNVC,11.03,1.52,16.76,2019-10-14,2020-01-31,109
FCNCA,11.02,213.2,2348.85,2016-02-11,2024-11-22,3207
DAR,11.01,7.92,87.18,2016-02-11,2022-06-07,2307
VCTR,11.0,6.48,71.27,2018-10-26,2024-11-26,2223
EVLVW,11.0,0.19,2.09,2022-05-09,2023-08-15,463
INUV,10.99,0.17,1.87,2020-03-19,2021-02-09,327
JBL,10.99,15.75,173.17,2016-05-13,2025-01-24,3178
SOHOB,10.99,1.9,20.89,2020-03-18,2023-06-29,1198
SPSC,10.98,19.62,215.42,2016-03-24,2024-07-31,3051
ATOS,10.98,0.78,8.62,2020-03-16,2021-06-25,466
MULN,10.97,21060000000.0,230985000000.0,2020-04-02,2021-02-18,322
GPRE,10.96,4.0,43.86,2020-03-18,2021-11-08,600
KC,10.95,1.9,20.81,2022-09-22,2025-02-14,876
APYX,10.94,1.59,17.4,2016-05-31,2021-11-22,2001
LUNR,10.93,2.11,23.07,2024-01-04,2025-01-24,386
COCH,10.93,0.91,9.95,2023-11-17,2024-03-06,110
ET,10.93,1.86,20.35,2016-02-08,2025-01-30,3279
EVH,10.92,3.64,39.74,2020-03-16,2022-09-12,910
IDXX,10.91,64.67,705.76,2016-01-28,2021-08-05,2015
OKE,10.91,10.48,114.36,2020-03-18,2024-11-22,1710
MPLX,10.9,4.92,53.61,2020-03-18,2025-03-17,1825
TNET,10.9,12.12,132.05,2016-03-01,2024-04-03,2954
RDVT,10.9,4.52,49.29,2018-05-10,2025-05-20,2567
GKOS,10.89,14.81,161.22,2016-02-08,2025-01-23,3272
AGM,10.89,19.6,213.38,2016-01-15,2024-12-11,3253
GCI,10.88,0.64,6.93,2020-04-07,2021-10-01,542
LFMD,10.88,1.15,12.51,2023-03-17,2024-05-03,413
RVMDW,10.86,0.07,0.76,2024-06-26,2024-11-08,135
KYN,10.86,1.22,13.21,2020-03-18,2025-01-24,1773
PRSO,10.85,33.6,364.4,2020-03-23,2021-06-04,438
SBSW,10.85,1.71,18.59,2018-08-16,2022-03-07,1299
REAL,10.85,1.03,11.18,2023-05-02,2024-12-30,608
ARCB,10.84,13.91,150.77,2016-06-27,2024-04-11,2845
AMBR,10.84,1.18,12.79,2024-04-29,2025-03-17,322
NXRT,10.84,7.71,83.61,2016-02-10,2022-04-28,2268
ISRG,10.83,56.36,610.45,2016-02-08,2025-01-22,3271
SKT,10.83,3.37,36.45,2020-04-03,2024-11-27,1699
OSCR,10.83,2.15,23.28,2022-12-21,2024-05-21,516
GFF,10.82,7.85,84.95,2020-03-23,2024-11-25,1708
PAMT,10.82,3.66,39.56,2017-04-19,2021-11-16,1672
XBIO,10.82,4.9,53.0,2020-03-19,2021-07-29,497
YCBD,10.82,209.3,2264.4,2020-03-18,2021-02-10,329
WMS,10.81,16.51,178.42,2016-02-11,2024-05-21,3021
PHM,10.81,13.73,148.44,2016-02-11,2024-10-18,3171
LC,10.8,4.41,47.61,2020-06-26,2021-11-01,493
XBIT,10.8,2.01,21.67,2018-09-11,2020-01-15,491
DYN,10.79,4.36,47.04,2022-06-02,2024-08-21,811
RNA,10.78,4.87,52.5,2023-10-27,2024-11-13,383
CCS,10.78,9.84,106.02,2020-03-18,2024-09-19,1646
RUSHA,10.77,5.94,63.97,2016-02-11,2024-11-06,3191
FSI,10.76,0.65,7.04,2016-02-16,2025-02-14,3286
EVOK,10.75,76.35,820.8,2019-06-26,2020-08-14,415
PUMP,10.75,1.51,16.23,2020-03-18,2022-04-20,763
NEO,10.75,5.57,59.88,2016-02-12,2021-02-12,1827
MSFT,10.75,43.16,464.02,2016-06-27,2024-07-05,2930
PSNL,10.74,4.75,51.02,2020-03-16,2021-01-20,310
HLI,10.74,17.62,189.27,2016-07-05,2024-11-25,3065
MYRG,10.71,16.64,178.21,2020-03-18,2024-04-05,1479
GVA,10.71,9.32,99.88,2020-03-17,2024-12-04,1723
TRIB,10.71,3.1,33.2,2020-03-18,2021-02-16,335
CPHI,10.67,60.0,640.0,2016-02-11,2021-02-17,1833
LULU,10.67,47.91,511.29,2017-05-30,2023-12-29,2404
IXHL,10.65,0.82,8.73,2023-10-24,2023-12-05,42
ARBK,10.65,0.38,4.08,2022-12-16,2023-12-28,377
BAND,10.63,18.16,193.08,2017-11-17,2020-10-13,1060
TNK,10.62,6.64,70.51,2018-12-24,2024-05-30,1983
SLXNW,10.62,0.02,0.17,2022-12-28,2024-08-12,592
HEI,10.62,26.46,281.13,2016-01-19,2025-05-19,3407
TMHC,10.61,7.05,74.8,2020-03-18,2024-11-25,1713
FAT,10.6,1.09,11.57,2020-03-23,2021-06-28,462
BTCM,10.6,25.5,270.2,2020-09-03,2021-02-16,166
EMX,10.6,0.35,3.71,2016-01-21,2021-01-05,1811
BDMD,10.58,1.05,11.11,2024-12-30,2025-01-13,14
SCNX,10.58,1.92,20.35,2023-04-04,2024-07-18,471
HEPS,10.57,0.35,3.68,2022-06-30,2025-02-14,960
AVAV,10.56,22.28,235.17,2016-10-21,2024-11-11,2943
COIN,10.56,32.53,343.62,2022-12-28,2024-12-06,709
SDA,10.56,4.1,43.31,2023-05-18,2023-06-01,14
IRDM,10.55,6.17,65.08,2016-01-21,2023-04-21,2646
MNKD,10.55,0.71,7.44,2017-05-03,2024-11-06,2744
HESM,10.55,4.08,43.06,2020-03-18,2025-03-19,1827
TRTN,10.54,7.94,83.76,2016-11-03,2023-07-24,2454
ETNB,10.54,2.09,22.03,2022-05-09,2023-06-13,400
GRYP,10.53,0.13,1.42,2025-04-08,2025-05-12,34
CENX,10.53,2.8,29.49,2016-01-13,2022-03-04,2242
IVP,10.52,32.63,343.25,2024-06-24,2024-07-18,24
PAM,10.52,9.02,94.88,2020-03-23,2025-01-10,1754
AXR,10.52,3.66,38.5,2016-02-11,2024-12-05,3220
LUCYW,10.5,0.09,0.99,2022-12-27,2023-04-19,112
REI,10.49,0.47,4.96,2020-11-04,2022-05-04,545
ESOA,10.49,1.79,18.74,2022-07-18,2024-12-16,882
VRAX,10.49,0.61,6.4,2024-05-02,2024-08-21,111
MUSA,10.48,52.9,554.26,2016-01-27,2024-11-26,3226
WFRD,10.48,12.65,132.61,2021-06-02,2024-07-16,1140
AIMDW,10.47,0.02,0.26,2024-09-27,2025-05-05,220
NN,10.47,1.72,18.0,2023-03-23,2024-12-16,634
BYD,10.47,7.57,79.31,2020-03-18,2025-02-19,1799
ADVM,10.47,24.5,256.4,2017-07-06,2020-06-23,1083
GSAT,10.44,3.86,40.35,2020-03-23,2021-09-08,534
FET,10.44,3.18,33.21,2020-04-01,2023-01-25,1029
CVGI,10.43,1.28,13.35,2020-04-22,2021-05-07,380
PRT,10.43,0.74,7.7,2020-03-18,2022-06-08,812
NSIT,10.42,21.61,225.24,2016-01-19,2024-07-26,3110
KPLTW,10.42,0.55,5.73,2020-04-02,2021-02-12,316
HWKN,10.41,13.2,137.39,2016-02-25,2024-12-04,3205
NGD,10.41,0.41,4.22,2020-03-16,2025-05-21,1892
CXAI,10.41,1.33,13.85,2023-04-11,2023-04-14,3
TLSA,10.4,0.67,6.99,2020-02-24,2020-07-31,157
NVO,10.4,13.92,144.81,2016-11-23,2024-06-25,2770
STGW,10.4,1.02,10.61,2020-03-20,2021-11-05,595
ASM,10.39,0.28,2.91,2020-03-16,2025-05-20,1891
DGXX,10.37,0.35,3.66,2022-12-28,2025-01-30,764
LOGI,10.37,12.67,131.45,2016-01-15,2021-06-09,1971
LE,10.37,4.16,43.16,2020-04-03,2021-07-22,475
X,10.36,4.75,49.23,2020-03-18,2023-12-18,1370
GOGL,10.36,1.38,14.29,2016-02-25,2024-05-21,3007
DLPN,10.35,3.7,38.32,2020-03-18,2021-03-24,371
TFIN,10.34,12.92,133.63,2016-02-11,2021-11-24,2113
VNET,10.34,1.42,14.68,2024-02-05,2025-02-20,381
LUMN,10.33,0.98,10.12,2023-11-01,2024-11-11,376
NRT,10.32,1.36,13.98,2020-03-24,2023-07-24,1217
VCIG,10.31,1613.91,16637.93,2023-04-24,2023-05-02,8
NML,10.3,0.89,9.2,2020-03-18,2025-01-21,1770
BNED,10.3,115.0,1185.0,2020-04-03,2021-10-08,553
FINV,10.3,1.0,10.35,2020-03-18,2025-03-18,1826
MOS,10.28,7.07,72.63,2020-03-18,2022-04-18,761
SMHI,10.28,1.49,15.32,2020-05-21,2024-07-16,1517
PXS,10.28,2.6,26.72,2016-01-21,2017-12-04,683
LITM,10.27,2.02,20.8,2024-12-16,2024-12-27,11
IGC,10.27,0.3,3.1,2020-03-18,2021-02-10,329
STNG,10.26,7.96,81.64,2020-11-04,2024-06-27,1330
JOB,10.26,0.19,1.9,2020-03-17,2021-02-24,344
KBH,10.25,8.64,88.6,2016-02-11,2024-09-19,3142
DWTX,10.25,5.9,60.5,2022-12-30,2023-07-14,195
IX,10.24,9.99,102.31,2020-03-20,2025-02-27,1805
UNFI,10.24,5.43,55.61,2020-03-12,2021-12-08,636
RMBS,10.21,7.25,73.99,2018-12-24,2024-01-22,1855
ABEO,10.21,52.5,536.25,2016-03-01,2018-05-17,806
TROX,10.18,2.22,22.61,2016-01-19,2021-10-25,2105
WNW,10.17,8435.0,85750.0,2020-12-15,2020-12-17,2
AUUDW,10.16,0.01,0.12,2023-11-22,2024-04-09,138
BMI,10.16,24.36,247.46,2016-01-28,2025-05-13,3392
RELIW,10.16,0.29,2.95,2021-09-20,2022-01-04,106
ISPO,10.15,182.6,1853.0,2022-02-03,2022-02-17,14
OPFI,10.14,1.62,16.42,2023-03-22,2025-02-07,688
PED,10.14,0.28,2.89,2018-02-28,2021-01-28,1065
GLNG,10.14,4.29,43.5,2020-04-07,2025-01-02,1731
VIPS,10.13,4.24,42.95,2018-10-29,2021-03-23,876
GCT,10.11,4.27,43.15,2022-11-02,2024-03-15,499
BSGM,10.11,0.33,3.33,2024-02-23,2025-05-21,452
ETN,10.11,37.1,375.16,2016-01-25,2024-12-04,3236
VSEC,10.08,13.26,133.69,2020-03-18,2025-05-19,1888
ANTE,10.08,2.56,25.84,2020-05-15,2021-02-17,278
SERA,10.08,1.16,11.69,2022-12-28,2024-04-30,488
SKYW,10.07,12.01,120.92,2020-03-18,2025-01-31,1780
CTXR,10.07,10.5,105.75,2019-12-04,2021-06-21,564
VHI,10.07,8.91,89.76,2016-02-10,2018-04-26,805
TFII,10.06,15.91,160.06,2020-03-18,2024-04-09,1483
RGLS,10.06,0.79,7.98,2023-03-27,2025-04-30,765
SAM,10.06,129.9,1306.45,2017-06-27,2021-04-20,1393
RYDE,10.05,2.03,20.4,2024-04-15,2024-09-10,148
WAFU,10.05,1.26,12.66,2019-11-20,2021-03-26,491
AMZN,10.04,24.1,242.06,2016-02-09,2025-02-04,3283
TER,10.04,16.56,166.21,2016-02-11,2021-12-27,2146
XXII,10.04,18137.52,182088.0,2020-09-11,2021-04-28,229
BEAM,10.04,13.31,133.6,2020-03-16,2021-07-01,472
SRRK,10.03,4.66,46.73,2022-06-01,2025-01-22,966
