symbol,max_return_factor,start_price,end_price,return_start_date,return_end_date,return_period_days,marketCap,industry
GPOR,1491.42,0.13,198.21,2020-11-23,2025-05-13,1631,3430912000.0,Oil & Gas E&P
LINE,886.18,0.1,86.58,2016-05-17,2024-08-08,3005,11412106240.0,REIT - Industrial
SN,510.44,0.22,114.44,2019-01-03,2025-02-13,2233,13721878528.0,"Furnishings, Fixtures & Appliances"
ENPH,480.69,0.7,336.0,2017-05-18,2022-12-02,2024,6204779008.0,Solar
CORZ,357.45,0.05,18.23,2022-12-21,2024-11-22,702,3210521344.0,Software - Infrastructure
VAL,249.94,0.32,79.98,2020-06-01,2024-07-15,1505,2585490176.0,Oil & Gas Equipment & Services
NVDA,242.8,0.62,149.42,2016-02-08,2025-01-06,3255,3214285733888.0,Semiconductors
CIVI,209.41,0.35,73.25,2017-04-28,2023-09-14,2330,2550576384.0,Oil & Gas E&P
MARA,192.0,0.4,76.09,2020-03-18,2021-11-09,601,5574539776.0,Capital Markets
EGO,180.53,0.11,20.4,2018-11-29,2025-05-06,2349,4068305920.0,Gold
RGC,146.72,3.2,470.02,2024-07-16,2025-05-12,300,5400353280.0,Drug Manufacturers - Specialty & Generic
GME,124.11,0.7,86.88,2020-04-03,2021-01-27,299,12546792448.0,Specialty Retail
RIOT,119.85,0.65,77.9,2020-03-18,2021-02-17,336,3158213888.0,Capital Markets
AMD,117.43,1.8,211.38,2016-01-20,2024-03-07,2969,181694087168.0,Semiconductors
DRS,109.18,0.38,42.0,2016-01-28,2025-05-02,3381,10820211712.0,Aerospace & Defense
VKTX,101.61,0.93,94.5,2017-08-02,2024-02-28,2401,3060447488.0,Biotechnology
DJTWW,94.8,0.43,40.5,2021-10-11,2024-10-29,1114,4537750528.0,Internet Content & Information
CELH,92.41,1.04,96.11,2018-12-21,2024-03-13,1908,9428165632.0,Beverages - Non-Alcoholic
SHOP,87.46,1.93,169.06,2016-02-12,2021-11-19,2107,132276232192.0,Software - Application
SLNO,86.08,0.89,76.78,2022-12-15,2025-05-09,875,3693872896.0,Biotechnology
CAMT,85.03,1.61,137.24,2016-01-20,2024-07-08,3091,2950982912.0,Semiconductor Equipment & Materials
CVNA,82.13,3.72,305.52,2022-12-27,2025-05-14,868,34159048704.0,Auto & Truck Dealerships
SMCI,75.92,1.56,118.81,2018-08-22,2024-03-13,2030,24857468928.0,Computer Hardware
PR,75.86,0.23,17.25,2020-04-01,2024-04-09,1469,10374313984.0,Oil & Gas E&P
SEZL,74.45,1.36,101.1,2023-10-27,2025-05-21,572,3299005184.0,Credit Services
ARWR,72.96,1.24,90.47,2016-12-16,2021-02-05,1512,2114311040.0,Biotechnology
AR,72.2,0.67,48.31,2020-04-01,2022-06-07,797,12144711680.0,Oil & Gas E&P
AXSM,68.88,2.0,137.75,2018-12-27,2025-02-21,2248,5207241728.0,Biotechnology
CRC,68.0,0.86,58.64,2020-04-01,2024-11-22,1696,3781911808.0,Oil & Gas E&P
LNTH,67.55,1.83,123.62,2016-02-08,2024-07-11,3075,5197928960.0,Drug Manufacturers - Specialty & Generic
MTDR,61.64,1.14,70.39,2020-03-18,2022-11-07,964,5452590592.0,Oil & Gas E&P
TTD,61.19,2.28,139.51,2016-11-08,2024-12-04,2948,36597465088.0,Software - Application
TRGP,58.21,3.7,215.14,2020-03-18,2025-01-21,1770,34789384192.0,Oil & Gas Midstream
APP,54.85,9.3,510.13,2022-12-27,2025-02-14,780,121260990464.0,Software - Application
MDGL,54.37,6.54,355.88,2016-02-11,2025-02-26,3303,6155642880.0,Biotechnology
TPL,53.57,32.22,1726.12,2016-01-19,2024-11-22,3230,31162963968.0,Oil & Gas E&P
SM,53.47,0.97,51.61,2020-04-01,2022-06-07,797,2644072192.0,Oil & Gas E&P
RGTI,53.32,0.38,20.0,2023-05-03,2025-01-02,610,3181940224.0,Computer Hardware
MSTR,51.39,9.22,473.83,2020-03-18,2024-11-20,1708,111394521088.0,Software - Application
AXON,51.22,14.5,742.75,2016-01-19,2025-05-20,3408,57247932416.0,Aerospace & Defense
CLS,50.77,2.83,143.67,2020-03-18,2025-02-05,1785,13112538112.0,Electronic Components
TSLA,50.1,9.58,479.86,2016-02-10,2024-12-17,3233,1077797650432.0,Auto Manufacturers
MOD,48.06,2.98,143.22,2020-04-03,2024-11-22,1694,4903051264.0,Auto Parts
NIO,47.61,1.32,62.84,2019-10-01,2021-02-09,497,8728124416.0,Auto Manufacturers
STRL,47.53,4.22,200.56,2016-05-06,2025-01-22,3183,5537775616.0,Engineering & Construction
ETSY,46.68,6.36,296.91,2016-02-09,2021-11-24,2115,4848070144.0,Internet Retail
CPRX,46.37,0.56,25.74,2016-05-17,2025-03-24,3233,2966432000.0,Biotechnology
NUKKW,45.96,0.01,0.34,2024-12-02,2024-12-19,17,2171586816.0,Software - Application
CAR,45.91,7.4,339.54,2020-03-18,2021-11-02,594,3834894080.0,Rental & Leasing Services
ELP,45.13,0.22,9.91,2016-01-21,2023-12-27,2897,6337432576.0,Utilities - Regulated Electric
DAVE,43.13,4.54,196.04,2023-05-19,2025-05-20,732,2584035328.0,Software - Application
IBRX,42.29,1.0,42.25,2019-06-10,2021-02-22,623,2338943232.0,Biotechnology
MGNI,41.48,1.49,61.8,2018-03-01,2021-02-11,1078,2188631808.0,Advertising Agencies
TGLS,40.57,2.16,87.5,2020-03-23,2025-05-13,1877,3989323776.0,Building Materials
QBTS,40.15,0.41,16.56,2023-05-12,2025-05-20,739,4488053760.0,Computer Hardware
MRNA,39.52,12.26,484.47,2019-08-05,2021-08-09,735,9977944064.0,Biotechnology
FTAI,39.43,4.41,174.02,2020-03-18,2024-11-21,1709,11744712704.0,Rental & Leasing Services
ANET,39.19,3.31,129.82,2016-02-09,2025-01-22,3270,116084686848.0,Computer Hardware
CNR,38.93,3.42,133.14,2020-03-31,2024-11-25,1700,3749399040.0,Thermal Coal
CLSK,38.47,1.05,40.39,2020-04-02,2021-01-07,280,2840343808.0,Capital Markets
VCEL,37.99,1.78,67.81,2016-02-11,2021-06-28,1963,2067586944.0,Biotechnology
SE,35.49,10.34,366.99,2018-05-09,2021-10-19,1259,96653172736.0,Internet Retail
BNTX,35.07,12.63,442.9,2019-10-14,2021-08-09,665,23820539904.0,Biotechnology
LTM,34.96,1.06,36.88,2020-05-28,2025-05-20,1818,11156385792.0,Airlines
CORT,34.82,3.28,114.22,2016-01-28,2025-03-31,3349,8038211072.0,Biotechnology
VRNA,34.6,2.16,74.73,2020-03-18,2025-05-20,1889,6296086016.0,Biotechnology
ARGX,33.99,19.77,671.74,2017-06-26,2025-02-05,2781,35716812800.0,Biotechnology
XYZ,33.67,8.37,281.81,2016-02-08,2021-08-05,2004,34096652288.0,Software - Infrastructure
BLDR,32.04,6.59,211.12,2016-02-11,2024-03-21,2960,11977615360.0,Building Products & Equipment
DECK,31.67,7.04,223.11,2016-01-19,2025-01-30,3299,18722840576.0,Footwear & Accessories
BOOT,31.56,5.53,174.52,2016-02-02,2025-01-30,3285,4815817216.0,Apparel Retail
FRPT,31.54,5.86,184.82,2016-02-02,2021-04-30,1913,4168003072.0,Packaged Foods
SKY,31.53,3.46,108.92,2016-01-04,2024-12-11,3264,5012222976.0,Residential Construction
EXAS,31.38,4.94,155.01,2016-03-01,2021-02-12,1809,10731615232.0,Diagnostics & Research
SAIA,31.36,19.32,605.92,2016-01-19,2024-03-06,2969,7157887488.0,Trucking
VIST,31.32,1.9,59.5,2020-04-01,2025-01-15,1750,5247092224.0,Oil & Gas E&P
NVMI,31.1,8.8,273.65,2016-01-21,2025-02-20,3318,5415498240.0,Semiconductor Equipment & Materials
HUBS,30.96,27.52,852.08,2016-02-09,2021-11-16,2107,32763234304.0,Software - Application
KNSL,30.88,17.72,547.22,2016-08-03,2024-03-06,2772,10817188864.0,Insurance - Property & Casualty
RNG,30.83,14.38,443.29,2016-03-28,2021-02-12,1782,2371643392.0,Software - Application
MELI,30.54,85.27,2604.3,2016-02-09,2025-05-21,3388,131913113600.0,Internet Retail
CROX,30.4,5.94,180.57,2017-05-05,2021-11-12,1652,6326336512.0,Footwear & Accessories
OVV,30.28,1.9,57.38,2020-03-09,2022-06-07,820,9332554752.0,Oil & Gas E&P
PENN,30.19,4.52,136.47,2020-03-18,2021-03-15,362,2144228352.0,Resorts & Casinos
ELF,29.86,7.3,218.0,2019-02-27,2024-06-27,1946,4458873344.0,Household & Personal Products
RH,29.45,25.08,738.52,2017-02-07,2021-08-12,1646,3663294720.0,Specialty Retail
FICO,29.43,80.94,2382.4,2016-01-21,2024-11-26,3232,41574162432.0,Software - Application
DDS,28.23,18.01,508.42,2020-04-22,2025-02-19,1764,6307859968.0,Department Stores
WING,28.11,15.2,427.32,2016-02-09,2024-06-18,3051,8998127616.0,Restaurants
IESC,27.74,11.4,316.26,2016-06-24,2025-01-22,3134,4886168064.0,Engineering & Construction
CLF,27.7,1.19,33.07,2016-01-12,2022-03-28,2266,3462592000.0,Steel
VRT,27.65,5.55,153.42,2020-03-18,2025-01-23,1772,39486287872.0,Electrical Equipment & Parts
LNW,27.55,4.09,112.68,2020-03-18,2024-09-18,1645,6957859328.0,Gambling
AVGO,27.41,9.07,248.6,2016-02-11,2024-12-16,3231,1080178966528.0,Semiconductors
NTRA,26.78,6.61,177.0,2016-02-08,2025-02-05,3285,20630886400.0,Diagnostics & Research
ARES,26.67,7.38,196.72,2016-01-15,2025-01-31,3304,51919368192.0,Asset Management
LPLA,26.49,14.55,385.37,2016-02-12,2025-05-19,3383,30226814976.0,Capital Markets
QXO,26.09,9.03,235.61,2020-04-03,2024-06-10,1529,8848663552.0,Software - Application
KRYS,26.09,8.19,213.66,2017-12-19,2024-07-26,2410,3660887296.0,Biotechnology
ROKU,25.82,18.57,479.5,2017-10-26,2021-07-26,1369,10201947136.0,Entertainment
POWL,25.62,13.72,351.53,2020-03-18,2024-11-11,1699,2105900928.0,Electrical Equipment & Parts
TEAM,25.57,17.92,458.13,2016-02-08,2021-10-29,2089,54908379136.0,Software - Application
SOUN,25.09,0.97,24.23,2022-12-22,2024-12-26,735,3804421120.0,Software - Application
NOW,24.83,47.14,1170.39,2016-02-08,2025-01-28,3277,210038079488.0,Software - Application
EAT,24.82,7.62,189.14,2020-03-18,2025-02-03,1783,6395193856.0,Restaurants
COOP,24.81,5.41,134.21,2020-04-03,2025-04-04,1827,8030167552.0,Mortgage Finance
PAYC,24.59,22.17,545.23,2016-02-09,2021-11-02,2092,14410502144.0,Software - Application
ANF,24.55,7.84,192.34,2017-07-12,2024-06-12,2527,3459038720.0,Apparel Retail
TT,24.46,17.61,430.81,2018-12-24,2025-05-19,2337,94751424512.0,Building Products & Equipment
RRC,24.09,1.71,41.19,2020-03-12,2025-01-16,1771,9396457472.0,Oil & Gas E&P
FTNT,24.04,4.77,114.57,2016-02-11,2025-02-19,3296,78715379712.0,Software - Infrastructure
FIX,23.75,23.12,549.04,2016-02-08,2025-01-22,3271,16411600896.0,Engineering & Construction
ENVA,23.44,4.97,116.49,2016-01-19,2025-02-06,3306,2344399616.0,Credit Services
APPF,23.32,11.58,270.02,2016-03-04,2024-07-23,3062,7428737024.0,Software - Application
SPXC,23.31,7.79,181.56,2016-01-12,2024-11-25,3240,7106846208.0,Building Products & Equipment
CWST,23.28,5.17,120.37,2016-02-05,2025-05-06,3377,7276079104.0,Waste Management
TECK,23.08,2.35,54.13,2016-01-13,2024-05-20,3049,17694048256.0,Other Industrial Metals & Mining
FUTU,22.9,8.15,186.63,2020-03-23,2021-02-16,330,15202306048.0,Capital Markets
XENE,22.75,2.2,50.04,2017-11-14,2024-02-09,2278,2337305344.0,Biotechnology
MDB,22.71,25.76,585.03,2017-12-08,2021-11-16,1439,15020534784.0,Software - Infrastructure
LSCC,22.51,4.32,97.26,2016-02-11,2023-08-31,2757,6399622656.0,Semiconductors
ADMA,22.49,1.09,24.51,2021-10-11,2025-04-28,1295,4803328512.0,Biotechnology
UEC,22.38,0.38,8.6,2020-03-12,2024-11-19,1713,2255130368.0,Uranium
WIX,22.28,15.85,353.09,2016-02-09,2021-02-19,1837,8480493568.0,Software - Infrastructure
NRG,22.15,7.28,161.24,2016-01-25,2025-05-19,3401,30395940864.0,Utilities - Independent Power Producers
HIMS,22.1,3.11,68.74,2022-05-11,2025-02-19,1015,12982255616.0,Household & Personal Products
LRN,21.96,7.32,160.72,2016-01-13,2025-05-05,3399,6784412160.0,Education & Training Services
QDEL,21.77,13.87,301.96,2016-02-18,2020-08-05,1629,2000374272.0,Medical Devices
PLTR,21.7,6.0,130.18,2022-12-27,2025-05-14,868,284557934592.0,Software - Infrastructure
RYTM,21.58,3.12,67.33,2022-05-19,2024-11-08,904,3970617856.0,Biotechnology
PI,21.55,11.07,238.58,2018-02-16,2024-10-14,2431,3406093824.0,Semiconductors
APO,21.44,8.28,177.47,2016-02-11,2024-12-11,3226,74682834944.0,Asset Management
WES,21.34,1.92,40.96,2020-04-02,2025-01-21,1755,14677276672.0,Oil & Gas Midstream
PWR,21.09,16.97,357.89,2016-02-11,2025-01-24,3270,50569949184.0,Engineering & Construction
RUN,20.84,4.63,96.5,2016-11-02,2021-01-08,1528,2435660800.0,Solar
URI,20.75,42.14,874.32,2016-02-11,2024-11-06,3191,45226303488.0,Rental & Leasing Services
SSL,20.7,1.21,25.03,2020-03-23,2022-06-08,807,2853845504.0,Specialty Chemicals
MEDP,20.62,22.18,457.29,2017-05-03,2024-07-16,2631,8500902912.0,Diagnostics & Research
BLD,20.58,23.28,479.09,2016-02-11,2024-07-30,3091,8000016384.0,Engineering & Construction
PAR,20.39,4.35,88.71,2016-05-31,2021-02-22,1728,2666355200.0,Software - Application
MTCH,20.25,8.57,173.44,2016-02-09,2021-10-21,2080,7194901504.0,Internet Content & Information
SITM,20.18,16.6,334.98,2019-12-02,2021-12-08,737,4770888192.0,Semiconductors
LRCX,19.89,5.62,111.74,2016-02-11,2024-07-10,3071,105898344448.0,Semiconductor Equipment & Materials
HRI,19.87,11.96,237.59,2020-03-18,2024-11-06,1694,3567886848.0,Rental & Leasing Services
SIG,19.38,5.56,107.66,2020-03-23,2024-05-31,1530,2607002880.0,Luxury Goods
AROC,19.37,1.54,29.89,2020-03-18,2025-01-21,1770,4345965056.0,Oil & Gas Equipment & Services
RRR,19.33,3.1,59.96,2020-03-18,2024-04-03,1477,4596748288.0,Resorts & Casinos
KNTK,19.29,3.34,64.5,2020-10-19,2025-01-21,1555,2702522112.0,Oil & Gas Midstream
ASTS,19.2,2.01,38.6,2024-04-02,2024-08-19,139,7820768256.0,Communication Equipment
TWLO,19.14,23.17,443.49,2017-05-09,2021-02-18,1381,17488807936.0,Software - Infrastructure
ONTO,18.85,12.63,238.04,2016-02-18,2024-07-16,3070,4624486400.0,Semiconductor Equipment & Materials
GNRC,18.55,27.26,505.8,2016-01-25,2021-11-01,2106,7259356160.0,Specialty Industrial Machinery
CHEF,18.43,3.6,66.35,2020-03-18,2025-02-18,1798,2601303040.0,Food Distribution
CYTK,18.28,5.91,108.06,2018-12-24,2024-01-08,1841,3739259392.0,Biotechnology
HMY,18.22,0.99,17.99,2016-01-04,2025-04-16,3389,9544287232.0,Gold
RDNT,18.19,4.75,86.38,2016-04-06,2024-11-11,3141,4356247552.0,Diagnostics & Research
UI,18.16,25.11,456.05,2016-01-19,2025-05-13,3401,23806916608.0,Communication Equipment
MPWR,18.12,51.96,941.36,2016-02-09,2024-08-21,3115,32492324864.0,Semiconductors
VCYT,18.04,4.51,81.38,2016-03-23,2021-02-09,1784,2162266112.0,Diagnostics & Research
AMAT,18.04,14.04,253.31,2016-02-11,2024-07-10,3071,131802300416.0,Semiconductor Equipment & Materials
MHO,18.03,9.7,174.92,2020-03-18,2024-10-16,1673,2849528576.0,Residential Construction
KKR,18.02,9.24,166.62,2016-02-11,2025-01-31,3277,108952731648.0,Asset Management
YPF,17.91,2.57,46.03,2020-03-18,2025-01-07,1756,14608347136.0,Oil & Gas Integrated
MRVL,17.62,7.15,125.92,2016-01-19,2025-01-23,3292,51924881408.0,Semiconductors
USLM,17.62,8.93,157.35,2016-02-11,2024-11-26,3211,2986114816.0,Building Materials
CRS,17.55,13.43,235.71,2020-03-20,2025-05-19,1886,11463674880.0,Metal Fabrication
TBBK,17.53,3.58,62.75,2020-03-18,2025-02-05,1785,2433575424.0,Banks - Regional
CDNS,17.5,18.66,326.5,2016-01-13,2024-06-18,3078,86704480256.0,Software - Application
TREX,17.48,8.05,140.68,2016-01-19,2021-12-10,2152,6094782464.0,Building Products & Equipment
DKS,17.41,14.28,248.55,2020-03-18,2025-01-30,1779,14081692672.0,Specialty Retail
AA,17.4,5.27,91.7,2020-03-20,2022-03-24,734,7319159808.0,Aluminum
FLR,17.33,3.4,58.93,2020-03-18,2024-11-07,1695,6237510144.0,Engineering & Construction
CALX,17.2,4.65,79.97,2017-09-08,2021-12-31,1575,3047850496.0,Software - Infrastructure
VST,17.2,11.14,191.57,2020-03-18,2025-01-23,1772,51602219008.0,Utilities - Independent Power Producers
EXTR,17.16,1.88,32.27,2020-03-18,2023-08-11,1241,2117371136.0,Communication Equipment
RACE,16.94,29.86,505.86,2016-02-11,2025-02-20,3297,88410079232.0,Auto Manufacturers
DVN,16.88,4.08,68.79,2020-03-18,2022-10-31,957,20226148352.0,Oil & Gas E&P
CZR,16.83,7.1,119.49,2020-03-18,2021-10-01,562,5814785024.0,Resorts & Casinos
ONC,16.81,23.98,403.14,2016-02-12,2021-09-17,2043,27199188992.0,Biotechnology
GTLS,16.8,14.25,239.47,2016-01-20,2022-11-08,2484,7256591360.0,Specialty Industrial Machinery
GRBK,16.79,4.99,83.77,2016-02-11,2024-10-16,3169,2609222400.0,Residential Construction
TMDX,16.77,10.5,176.11,2020-03-16,2024-08-27,1625,4104378112.0,Medical Devices
LLY,16.67,57.26,954.76,2016-12-01,2024-08-30,2828,650813702144.0,Drug Manufacturers - General
SNAP,16.66,4.99,83.11,2018-12-21,2021-09-24,1007,13837370368.0,Internet Content & Information
SRPT,16.64,10.74,178.74,2016-02-08,2020-12-22,1779,3935993856.0,Biotechnology
KLAC,16.58,53.33,884.19,2016-02-11,2024-07-10,3071,103007805440.0,Semiconductor Equipment & Materials
VEEV,16.55,20.61,341.0,2016-02-11,2021-08-05,2001,38294188032.0,Health Information Services
FANG,16.51,12.39,204.52,2020-03-18,2024-07-17,1582,39825420288.0,Oil & Gas E&P
IONQ,16.47,3.1,51.07,2022-12-27,2025-01-06,741,8310642176.0,Computer Hardware
DY,16.47,13.49,222.22,2020-03-18,2025-05-21,1890,6450259968.0,Engineering & Construction
PTCT,16.45,4.19,68.92,2016-11-03,2021-01-07,1526,3662465792.0,Biotechnology
AM,16.43,1.15,18.96,2020-03-18,2025-05-16,1885,8899096576.0,Oil & Gas Midstream
MU,16.34,9.35,152.74,2016-05-13,2024-06-18,2958,107107909632.0,Semiconductors
NXE,16.29,0.55,8.88,2020-03-23,2024-11-22,1705,3116089344.0,Uranium
GDS,16.25,7.12,115.71,2017-06-09,2021-02-19,1351,5602337792.0,Information Technology Services
EXE,16.24,7.13,115.75,2020-05-14,2025-05-21,1833,27298572288.0,Oil & Gas E&P
ATKR,16.22,11.72,190.07,2020-03-18,2024-04-01,1475,2209900544.0,Electrical Equipment & Parts
ARLP,16.19,1.71,27.74,2020-10-19,2025-01-24,1558,3436733184.0,Thermal Coal
VRNS,16.17,4.54,73.41,2016-02-09,2021-09-07,2036,5183246848.0,Software - Infrastructure
AGYS,16.16,8.77,141.74,2016-01-11,2024-12-17,3263,2806903040.0,Software - Application
PBR,16.14,0.93,15.0,2016-02-11,2024-05-09,3009,75300618240.0,Oil & Gas Integrated
CG,16.12,3.48,56.15,2016-02-09,2025-01-23,3271,15835812864.0,Asset Management
BE,15.97,2.67,42.65,2019-10-24,2021-02-08,473,4228889856.0,Electrical Equipment & Parts
TGTX,15.96,3.44,54.9,2018-12-24,2020-12-21,728,5429421568.0,Biotechnology
HWM,15.89,10.46,166.24,2020-04-21,2025-05-19,1854,65701974016.0,Aerospace & Defense
NOVT,15.87,11.73,186.2,2016-02-05,2024-07-16,3083,4423329280.0,Scientific & Technical Instruments
SID,15.83,0.45,7.13,2016-01-20,2021-05-11,1937,2135004928.0,Steel
WSM,15.75,13.76,216.68,2020-03-18,2025-02-18,1798,20739631104.0,Specialty Retail
FCX,15.75,3.43,53.96,2016-01-13,2024-05-20,3049,54589956096.0,Copper
SMR,15.73,1.92,30.21,2024-01-18,2024-11-22,309,3183947776.0,Specialty Industrial Machinery
CSWI,15.71,27.46,431.32,2016-02-22,2024-11-25,3199,5277446144.0,Specialty Industrial Machinery
BCC,15.67,9.7,151.98,2016-02-18,2024-11-25,3203,3286201856.0,Lumber & Wood Production
APPN,15.67,15.01,235.24,2017-05-25,2021-01-27,1343,2309981696.0,Software - Infrastructure
BILI,15.65,9.99,156.37,2018-05-04,2021-02-10,1013,7440282624.0,Internet Content & Information
CVE,15.59,1.48,22.99,2020-03-18,2022-06-07,811,24050722816.0,Oil & Gas Integrated
RGEN,15.49,20.93,324.21,2016-02-08,2021-09-23,2053,6753770496.0,Medical Instruments & Supplies
IBP,15.47,17.21,266.23,2016-01-19,2024-07-31,3115,4252495616.0,Residential Construction
CPRT,15.47,4.13,63.84,2016-01-21,2025-05-16,3402,59018620928.0,Specialty Business Services
GPI,15.42,31.35,483.54,2020-03-18,2025-02-13,1793,5578607104.0,Auto & Truck Dealerships
CRSP,15.42,13.62,210.04,2017-05-31,2021-01-14,1324,3194593280.0,Biotechnology
ON,15.33,7.05,108.09,2016-02-11,2023-08-01,2727,18244857856.0,Semiconductors
SNPS,15.33,40.53,621.3,2016-01-13,2024-07-05,3095,77535739904.0,Software - Infrastructure
GLOB,15.32,23.13,354.44,2016-02-12,2021-11-09,2097,4526517760.0,Information Technology Services
ASML,15.26,71.37,1089.33,2016-01-15,2024-07-10,3098,289855242240.0,Semiconductor Equipment & Materials
FRHC,15.26,12.0,183.07,2020-03-18,2025-05-20,1889,10783727616.0,Financial Conglomerates
MPC,15.17,14.14,214.57,2020-03-23,2024-04-05,1474,48140435456.0,Oil & Gas Refining & Marketing
NUVL,15.16,7.4,112.17,2022-05-16,2024-09-16,854,5289436672.0,Biotechnology
ENTG,14.99,10.18,152.58,2016-01-21,2021-11-29,2139,10965902336.0,Semiconductor Equipment & Materials
GGAL,14.98,4.82,72.22,2020-04-27,2025-01-07,1716,10147546112.0,Banks - Regional
PBF,14.97,3.96,59.26,2020-10-28,2024-04-05,1255,2327973888.0,Oil & Gas Refining & Marketing
ASND,14.92,12.25,182.76,2016-06-07,2020-12-14,1651,9558267904.0,Biotechnology
VNOM,14.91,3.68,54.91,2020-03-23,2024-11-22,1705,11674409984.0,Oil & Gas Midstream
THC,14.9,11.32,168.66,2020-03-18,2025-05-20,1889,15124464640.0,Medical Care Facilities
BBAR,14.86,1.59,23.65,2022-07-14,2025-01-22,923,4627956224.0,Banks - Regional
NET,14.86,14.62,217.25,2019-10-22,2021-11-18,758,54251397120.0,Software - Infrastructure
ACLX,14.78,7.21,106.53,2022-05-18,2024-11-11,908,3611693056.0,Biotechnology
ZS,14.78,24.95,368.78,2018-05-25,2021-11-19,1274,38483202048.0,Software - Infrastructure
BMA,14.72,7.87,115.85,2022-07-21,2025-01-07,901,6022028800.0,Banks - Regional
W,14.69,23.52,345.47,2020-03-19,2021-03-22,368,4673231872.0,Internet Retail
ATI,14.64,5.23,76.58,2020-03-23,2025-05-19,1883,10604081152.0,Metal Fabrication
WK,14.64,10.99,160.85,2016-02-12,2021-11-09,2097,3823896064.0,Software - Application
DXCM,14.64,11.12,162.82,2017-10-26,2021-11-17,1483,33285963776.0,Medical Devices
USAC,14.61,1.96,28.64,2020-03-18,2025-02-10,1790,2899572224.0,Oil & Gas Equipment & Services
IREN,14.52,1.06,15.39,2022-12-28,2024-12-06,709,2150197760.0,Capital Markets
DKL,14.48,3.32,48.02,2020-03-18,2022-08-25,890,2169914112.0,Oil & Gas Refining & Marketing
NFLX,14.47,82.79,1197.56,2016-02-05,2025-05-21,3392,508399910912.0,Entertainment
SGRY,14.33,4.68,67.05,2020-03-16,2021-06-25,466,2905387264.0,Medical Care Facilities
NOG,14.32,2.96,42.36,2020-11-06,2024-11-29,1484,2655140096.0,Oil & Gas E&P
ODFL,14.18,16.3,231.19,2016-01-20,2024-11-11,3218,34697449472.0,Trucking
PRDO,14.0,2.24,31.36,2016-02-12,2025-05-19,3383,2027693184.0,Education & Training Services
TKO,13.83,12.74,176.16,2016-02-12,2025-02-12,3288,13066520576.0,Entertainment
AGI,13.81,2.2,30.33,2016-01-20,2025-04-16,3373,10976746496.0,Gold
PIPR,13.81,24.91,344.02,2016-02-02,2024-11-25,3219,4145540608.0,Capital Markets
CRWD,13.79,33.01,455.36,2020-03-16,2025-02-18,1800,108282429440.0,Software - Infrastructure
WCC,13.75,15.43,212.14,2020-03-18,2024-11-25,1713,8104830976.0,Industrial Distribution
ERJ,13.72,4.11,56.34,2020-11-02,2025-03-19,1597,8783419392.0,Aerospace & Defense
HEES,13.7,7.34,100.57,2016-02-11,2025-02-18,3295,3469760256.0,Rental & Leasing Services
CMG,13.64,5.03,68.55,2018-02-13,2024-06-18,2316,68432416768.0,Restaurants
MLTX,13.62,4.69,63.86,2022-05-16,2024-02-12,637,2446299648.0,Biotechnology
INSP,13.56,24.05,326.08,2018-05-07,2023-07-14,1894,4308763648.0,Medical Devices
CNQ,13.51,2.92,39.47,2020-03-18,2024-04-10,1484,64326492160.0,Oil & Gas E&P
QS,13.45,9.79,131.67,2020-08-21,2020-12-22,123,2185400832.0,Auto Parts
PODD,13.38,24.68,330.23,2016-02-11,2023-05-12,2646,22836654080.0,Medical Devices
CHX,13.38,2.9,38.82,2020-03-23,2024-04-05,1474,4715092992.0,Oil & Gas Equipment & Services
VALE,13.35,1.24,16.59,2016-01-25,2022-04-04,2260,41281347584.0,Other Industrial Metals & Mining
TSM,13.34,16.79,223.93,2016-01-13,2025-01-23,3298,994567061504.0,Semiconductors
TAL,13.34,6.76,90.15,2016-01-15,2021-02-19,1862,6550427648.0,Education & Training Services
SFM,13.3,13.32,177.12,2020-03-12,2025-02-14,1800,16115353600.0,Grocery Stores
OKTA,13.29,21.95,291.78,2017-07-31,2021-02-12,1292,21369165824.0,Software - Infrastructure
UPST,13.23,29.47,390.0,2020-12-16,2021-10-15,302,4178763776.0,Credit Services
KAI,13.13,32.14,422.1,2016-01-21,2024-11-26,3232,3615319296.0,Specialty Industrial Machinery
EME,13.12,40.83,535.64,2016-01-20,2025-01-22,3290,20757417984.0,Engineering & Construction
RIG,13.12,0.67,8.8,2020-10-30,2023-07-31,1004,2172822016.0,Oil & Gas Drilling
ZBRA,13.1,46.93,614.55,2016-07-06,2021-12-10,1983,14641971200.0,Communication Equipment
APA,13.09,3.57,46.76,2020-04-01,2022-06-07,797,6029719552.0,Oil & Gas E&P
IMVT,13.07,3.38,44.19,2022-06-16,2023-12-26,558,2447696896.0,Biotechnology
CAAP,13.05,1.68,21.92,2020-04-03,2025-05-19,1872,3440882432.0,Airports & Air Services
DELL,13.03,13.52,176.14,2020-03-18,2024-05-29,1533,76501696512.0,Computer Hardware
HLNE,12.98,15.43,200.34,2017-03-01,2024-11-11,2812,9218347008.0,Asset Management
BX,12.98,15.1,196.0,2016-02-11,2024-11-22,3207,166806994944.0,Asset Management
GGB,12.97,0.43,5.63,2016-01-21,2023-07-31,2747,5476407296.0,Steel
TOL,12.88,12.97,167.04,2020-03-23,2024-11-25,1708,10342443008.0,Residential Construction
ZLAB,12.82,14.95,191.71,2018-10-11,2021-01-20,832,3573069824.0,Biotechnology
SNEX,12.78,7.37,94.15,2016-02-11,2025-05-07,3372,4220524288.0,Capital Markets
PTGX,12.74,4.69,59.76,2019-12-03,2025-03-11,1924,2840015104.0,Biotechnology
COKE,12.73,114.38,1455.8,2016-06-09,2025-02-13,3171,9920571392.0,Beverages - Non-Alcoholic
EXEL,12.71,3.64,46.26,2016-02-29,2025-05-15,3362,11922794496.0,Biotechnology
ROAD,12.65,8.17,103.36,2018-12-20,2025-05-13,2335,5696111616.0,Engineering & Construction
HCC,12.65,5.89,74.53,2017-06-21,2024-11-07,2696,2520743936.0,Coking Coal
CYBR,12.64,32.78,414.31,2016-02-12,2025-02-13,3289,17807491072.0,Software - Infrastructure
MTZ,12.61,12.75,160.79,2016-02-11,2025-01-21,3267,12256760832.0,Engineering & Construction
EPAM,12.59,57.0,717.49,2016-02-12,2021-11-08,2096,10401435648.0,Information Technology Services
PGR,12.56,23.18,291.12,2016-01-25,2025-03-17,3338,164728946688.0,Insurance - Property & Casualty
FBP,12.55,1.74,21.88,2016-01-25,2024-11-06,3208,3287400192.0,Banks - Regional
FN,12.55,21.8,273.5,2016-01-19,2024-08-21,3136,8132493824.0,Electronic Components
AAPL,12.51,20.65,258.42,2016-05-12,2024-12-26,3150,3018375823360.0,Consumer Electronics
Z,12.49,16.01,199.9,2016-02-08,2021-02-16,1835,15706783744.0,Internet Content & Information
GFI,12.48,1.98,24.67,2018-09-10,2025-04-16,2410,19708428288.0,Gold
BCRX,12.47,1.58,19.76,2019-11-14,2022-02-16,825,2107147392.0,Drug Manufacturers - Specialty & Generic
ALGN,12.45,58.65,729.92,2016-02-08,2021-09-08,2038,12460862464.0,Medical Instruments & Supplies
GSHD,12.45,13.49,167.96,2018-04-30,2021-10-11,1260,4040480000.0,Insurance Brokers
KGC,12.42,1.26,15.61,2016-01-19,2025-05-07,3395,17960351744.0,Gold
CTAS,12.37,18.24,225.64,2016-01-21,2024-11-26,3232,89257115648.0,Specialty Business Services
RCL,12.36,22.15,273.83,2020-03-18,2025-01-30,1779,64563388416.0,Travel Services
HOVNP,12.22,1.41,17.26,2018-12-27,2025-04-01,2286,2413854976.0,
PCTY,12.15,25.17,305.75,2016-02-09,2021-11-01,2091,10854923264.0,Software - Application
CRVL,12.15,10.57,128.46,2016-11-09,2025-02-05,3010,5767627264.0,Insurance Brokers
KTOS,12.14,2.99,36.29,2016-01-26,2025-05-02,3383,5262308864.0,Aerospace & Defense
MUR,12.08,3.86,46.61,2020-03-18,2022-11-11,968,2987045888.0,Oil & Gas E&P
EQT,12.02,4.69,56.36,2020-02-26,2025-05-14,1903,33349453824.0,Oil & Gas E&P
SGI,12.0,5.75,68.97,2020-03-18,2025-02-18,1798,13470418944.0,"Furnishings, Fixtures & Appliances"
PTEN,11.97,1.53,18.3,2020-04-03,2022-05-27,784,2157667328.0,Oil & Gas Drilling
ZG,11.95,17.06,203.79,2016-02-08,2021-02-16,1835,15705659392.0,Internet Content & Information
QLYS,11.86,17.36,205.89,2016-02-09,2023-12-19,2870,4934174208.0,Software - Infrastructure
PDD,11.83,17.15,202.82,2018-11-13,2021-02-17,827,164963336192.0,Internet Retail
MTSI,11.81,12.6,148.78,2019-05-07,2025-01-21,2086,9028799488.0,Semiconductors
BILL,11.72,29.21,342.26,2020-03-18,2021-11-09,601,4593973760.0,Software - Application
TDG,11.72,125.62,1472.62,2016-02-09,2025-05-05,3372,79082151936.0,Aerospace & Defense
BTG,11.71,0.52,6.07,2016-01-25,2020-08-05,1653,4268025088.0,Gold
PFSI,11.7,9.87,115.54,2016-03-10,2024-09-16,3111,4970038272.0,Mortgage Finance
STLD,11.7,13.08,153.09,2016-01-21,2024-11-06,3212,19627104256.0,Steel
CRDO,11.63,7.35,85.5,2023-05-04,2025-01-22,629,10264470528.0,Semiconductors
IRTC,11.63,23.08,268.46,2016-11-04,2021-01-20,1538,4465391616.0,Medical Devices
TTEK,11.62,4.33,50.36,2016-01-21,2024-10-29,3203,9380706304.0,Engineering & Construction
PANW,11.57,18.0,208.28,2017-04-05,2025-02-18,2876,120012234752.0,Software - Infrastructure
SIRI,11.57,2.43,28.09,2024-06-10,2024-12-09,182,7407315968.0,Entertainment
WB,11.56,9.39,108.54,2016-02-12,2018-02-23,742,2190091776.0,Internet Content & Information
AAON,11.47,12.25,140.49,2016-01-19,2024-11-11,3219,8178106368.0,Building Products & Equipment
FRO,11.46,2.33,26.71,2018-02-28,2024-05-28,2280,3940427520.0,Oil & Gas Midstream
FSLR,11.42,26.33,300.71,2017-04-03,2024-06-12,2627,17520451584.0,Solar
IMO,11.41,6.86,78.31,2020-03-18,2024-10-07,1664,36676694016.0,Oil & Gas Integrated
MSCI,11.39,57.04,649.79,2016-02-08,2021-11-16,2108,43335778304.0,Financial Data & Stock Exchanges
MLI,11.31,8.38,94.8,2020-03-18,2024-11-11,1699,8565416960.0,Metal Fabrication
CCJ,11.29,5.41,61.14,2020-03-18,2024-12-05,1723,22710487040.0,Uranium
UPWK,11.24,5.4,60.7,2020-04-03,2021-07-13,466,2134389760.0,Internet Content & Information
AJG,11.23,30.73,345.24,2016-01-28,2025-03-31,3349,86425567232.0,Insurance Brokers
AMKR,11.21,3.88,43.56,2016-02-12,2024-07-16,3076,4632300032.0,Semiconductor Equipment & Materials
EDU,11.14,8.56,95.4,2022-03-14,2024-03-04,721,7774630912.0,Education & Training Services
STM,11.14,4.8,53.47,2016-02-10,2023-07-27,2723,22521307136.0,Semiconductors
LNG,11.09,22.77,252.54,2016-02-08,2025-01-16,3265,50857517056.0,Oil & Gas Midstream
SYNA,11.07,26.45,292.85,2019-05-31,2021-12-07,921,2397915392.0,Semiconductors
MMYT,11.05,10.9,120.46,2020-03-18,2024-12-06,1724,11048460288.0,Travel Services
FCNCA,11.02,213.2,2348.85,2016-02-11,2024-11-22,3207,24264398848.0,Banks - Regional
DAR,11.01,7.92,87.18,2016-02-11,2022-06-07,2307,4982008832.0,Packaged Foods
VCTR,11.0,6.48,71.27,2018-10-26,2024-11-26,2223,4147135232.0,Asset Management
JBL,10.99,15.75,173.17,2016-05-13,2025-01-24,3178,17733394432.0,Electronic Components
SPSC,10.98,19.62,215.42,2016-03-24,2024-07-31,3051,5470644736.0,Software - Application
KC,10.95,1.9,20.81,2022-09-22,2025-02-14,876,3624003584.0,Software - Application
ET,10.93,1.86,20.35,2016-02-08,2025-01-30,3279,60948414464.0,Oil & Gas Midstream
IDXX,10.91,64.67,705.76,2016-01-28,2021-08-05,2015,40280920064.0,Diagnostics & Research
OKE,10.91,10.48,114.36,2020-03-18,2024-11-22,1710,51113635840.0,Oil & Gas Midstream
MPLX,10.9,4.92,53.61,2020-03-18,2025-03-17,1825,51703521280.0,Oil & Gas Midstream
TNET,10.9,12.12,132.05,2016-03-01,2024-04-03,2954,4022457600.0,Staffing & Employment Services
GKOS,10.89,14.81,161.22,2016-02-08,2025-01-23,3272,5418062336.0,Medical Devices
KYN,10.86,1.22,13.21,2020-03-18,2025-01-24,1773,2032894592.0,Asset Management
SBSW,10.85,1.71,18.59,2018-08-16,2022-03-07,1299,4047712000.0,Other Precious Metals & Mining
ISRG,10.83,56.36,610.45,2016-02-08,2025-01-22,3271,196079730688.0,Medical Instruments & Supplies
SKT,10.83,3.37,36.45,2020-04-03,2024-11-27,1699,3347686912.0,REIT - Retail
OSCR,10.83,2.15,23.28,2022-12-21,2024-05-21,516,3784499968.0,Healthcare Plans
GFF,10.82,7.85,84.95,2020-03-23,2024-11-25,1708,3205755392.0,Building Products & Equipment
WMS,10.81,16.51,178.42,2016-02-11,2024-05-21,3021,8615050240.0,Building Products & Equipment
PHM,10.81,13.73,148.44,2016-02-11,2024-10-18,3171,19862317056.0,Residential Construction
RNA,10.78,4.87,52.5,2023-10-27,2024-11-13,383,3690322432.0,Biotechnology
RUSHA,10.77,5.94,63.97,2016-02-11,2024-11-06,3191,3945484800.0,Auto & Truck Dealerships
MSFT,10.75,43.16,464.02,2016-06-27,2024-07-05,2930,3363744776192.0,Software - Infrastructure
HLI,10.74,17.62,189.27,2016-07-05,2024-11-25,3065,12063160320.0,Capital Markets
MYRG,10.71,16.64,178.21,2020-03-18,2024-04-05,1479,2496221440.0,Engineering & Construction
GVA,10.71,9.32,99.88,2020-03-17,2024-12-04,1723,3775446784.0,Engineering & Construction
LULU,10.67,47.91,511.29,2017-05-30,2023-12-29,2404,38156738560.0,Apparel Retail
HEI,10.62,26.46,281.13,2016-01-19,2025-05-19,3407,32639864832.0,Aerospace & Defense
TMHC,10.61,7.05,74.8,2020-03-18,2024-11-25,1713,5739042304.0,Residential Construction
AVAV,10.56,22.28,235.17,2016-10-21,2024-11-11,2943,7610340864.0,Aerospace & Defense
COIN,10.56,32.53,343.62,2022-12-28,2024-12-06,709,65966043136.0,Financial Data & Stock Exchanges
IRDM,10.55,6.17,65.08,2016-01-21,2023-04-21,2646,2737529600.0,Telecom Services
HESM,10.55,4.08,43.06,2020-03-18,2025-03-19,1827,8207747584.0,Oil & Gas Midstream
PAM,10.52,9.02,94.88,2020-03-23,2025-01-10,1754,4540535808.0,Utilities - Independent Power Producers
MUSA,10.48,52.9,554.26,2016-01-27,2024-11-26,3226,8753796096.0,Specialty Retail
WFRD,10.48,12.65,132.61,2021-06-02,2024-07-16,1140,3298400000.0,Oil & Gas Equipment & Services
BYD,10.47,7.57,79.31,2020-03-18,2025-02-19,1799,5943240704.0,Resorts & Casinos
GSAT,10.44,3.86,40.35,2020-03-23,2021-09-08,534,2317734656.0,Telecom Services
NSIT,10.42,21.61,225.24,2016-01-19,2024-07-26,3110,4260499200.0,Electronics & Computer Distribution
HWKN,10.41,13.2,137.39,2016-02-25,2024-12-04,3205,2641808128.0,Specialty Chemicals
NGD,10.41,0.41,4.22,2020-03-16,2025-05-21,1892,3363318272.0,Gold
NVO,10.4,13.92,144.81,2016-11-23,2024-06-25,2770,305184079872.0,Drug Manufacturers - General
LOGI,10.37,12.67,131.45,2016-01-15,2021-06-09,1971,12877214720.0,Computer Hardware
X,10.36,4.75,49.23,2020-03-18,2023-12-18,1370,9514126336.0,Steel
LUMN,10.33,0.98,10.12,2023-11-01,2024-11-11,376,3908717056.0,Telecom Services
FINV,10.3,1.0,10.35,2020-03-18,2025-03-18,1826,2176826368.0,Credit Services
MOS,10.28,7.07,72.63,2020-03-18,2022-04-18,761,11274390528.0,Agricultural Inputs
STNG,10.26,7.96,81.64,2020-11-04,2024-06-27,1330,2087586944.0,Oil & Gas Midstream
KBH,10.25,8.64,88.6,2016-02-11,2024-09-19,3142,3685667584.0,Residential Construction
IX,10.24,9.99,102.31,2020-03-20,2025-02-27,1805,23362123776.0,Financial Conglomerates
RMBS,10.21,7.25,73.99,2018-12-24,2024-01-22,1855,5867917824.0,Semiconductors
BMI,10.16,24.36,247.46,2016-01-28,2025-05-13,3392,7177180160.0,Scientific & Technical Instruments
GLNG,10.14,4.29,43.5,2020-04-07,2025-01-02,1731,4016438528.0,Oil & Gas Midstream
VIPS,10.13,4.24,42.95,2018-10-29,2021-03-23,876,7434910208.0,Internet Retail
ETN,10.11,37.1,375.16,2016-01-25,2024-12-04,3236,126127726592.0,Specialty Industrial Machinery
VSEC,10.08,13.26,133.69,2020-03-18,2025-05-19,1888,2671558656.0,Aerospace & Defense
SKYW,10.07,12.01,120.92,2020-03-18,2025-01-31,1780,3979544320.0,Airlines
TFII,10.06,15.91,160.06,2020-03-18,2024-04-09,1483,7349211648.0,Trucking
SAM,10.06,129.9,1306.45,2017-06-27,2021-04-20,1393,2661107456.0,Beverages - Brewers
AMZN,10.04,24.1,242.06,2016-02-09,2025-02-04,3283,2135170351104.0,Internet Retail
TER,10.04,16.56,166.21,2016-02-11,2021-12-27,2146,12669972480.0,Semiconductor Equipment & Materials
SRRK,10.03,4.66,46.73,2022-06-01,2025-01-22,966,2916728832.0,Biotechnology
